2025-08-02 12:21:34.019 | INFO     | main:root:9 - rizhi
2025-08-02 12:22:05.335 | INFO     | main:root:9 - rizhi
2025-08-02 12:25:21.734 | INFO     | main:root:9 - rizhi
2025-08-02 12:30:09.469 | INFO     | main:root:9 - rizhi
2025-08-02 12:39:26.878 | INFO     | main:root:10 - rizhi
2025-08-03 17:10:44.304 | INFO     | main:root:15 - rizhi
2025-08-03 17:11:33.456 | INFO     | main:root:15 - rizhi
2025-08-03 17:12:10.648 | INFO     | main:root:14 - rizhi
2025-08-03 19:50:28.703 | ERROR    | hooks.middlewares:log_middleware:11 - 发送异常了：
Traceback (most recent call last):

  File "<string>", line 1, in <module>
  File "/home/liujx/miniconda3/envs/py311/lib/python3.11/multiprocessing/spawn.py", line 120, in spawn_main
    exitcode = _main(fd, parent_sentinel)
               │     │   └ 4
               │     └ 7
               └ <function _main at 0x7bebc2d52700>
  File "/home/liujx/miniconda3/envs/py311/lib/python3.11/multiprocessing/spawn.py", line 133, in _main
    return self._bootstrap(parent_sentinel)
           │    │          └ 4
           │    └ <function BaseProcess._bootstrap at 0x7bebc2c64a40>
           └ <SpawnProcess name='SpawnProcess-4' parent=29288 started>
  File "/home/liujx/miniconda3/envs/py311/lib/python3.11/multiprocessing/process.py", line 314, in _bootstrap
    self.run()
    │    └ <function BaseProcess.run at 0x7bebc2e5bf60>
    └ <SpawnProcess name='SpawnProcess-4' parent=29288 started>
  File "/home/liujx/miniconda3/envs/py311/lib/python3.11/multiprocessing/process.py", line 108, in run
    self._target(*self._args, **self._kwargs)
    │    │        │    │        │    └ {'config': <uvicorn.config.Config object at 0x7bebc2afb810>, 'target': <bound method Server.run of <uvicorn.server.Server obj...
    │    │        │    │        └ <SpawnProcess name='SpawnProcess-4' parent=29288 started>
    │    │        │    └ ()
    │    │        └ <SpawnProcess name='SpawnProcess-4' parent=29288 started>
    │    └ <function subprocess_started at 0x7bebc211fa60>
    └ <SpawnProcess name='SpawnProcess-4' parent=29288 started>
  File "/home/liujx/miniconda3/envs/py311/lib/python3.11/site-packages/uvicorn/_subprocess.py", line 80, in subprocess_started
    target(sockets=sockets)
    │              └ [<socket.socket fd=3, family=2, type=1, proto=0, laddr=('0.0.0.0', 8000)>]
    └ <bound method Server.run of <uvicorn.server.Server object at 0x7bebc21a6150>>
  File "/home/liujx/miniconda3/envs/py311/lib/python3.11/site-packages/uvicorn/server.py", line 67, in run
    return asyncio.run(self.serve(sockets=sockets))
           │       │   │    │             └ [<socket.socket fd=3, family=2, type=1, proto=0, laddr=('0.0.0.0', 8000)>]
           │       │   │    └ <function Server.serve at 0x7bebc211e700>
           │       │   └ <uvicorn.server.Server object at 0x7bebc21a6150>
           │       └ <function run at 0x7bebc27afd80>
           └ <module 'asyncio' from '/home/liujx/miniconda3/envs/py311/lib/python3.11/asyncio/__init__.py'>
  File "/home/liujx/miniconda3/envs/py311/lib/python3.11/asyncio/runners.py", line 190, in run
    return runner.run(main)
           │      │   └ <coroutine object Server.serve at 0x7bebc215e890>
           │      └ <function Runner.run at 0x7bebc2823f60>
           └ <asyncio.runners.Runner object at 0x7bebc2d0dc10>
  File "/home/liujx/miniconda3/envs/py311/lib/python3.11/asyncio/runners.py", line 118, in run
    return self._loop.run_until_complete(task)
           │    │     │                  └ <Task pending name='Task-1' coro=<Server.serve() running at /home/liujx/miniconda3/envs/py311/lib/python3.11/site-packages/uv...
           │    │     └ <function BaseEventLoop.run_until_complete at 0x7bebc2821b20>
           │    └ <_UnixSelectorEventLoop running=True closed=False debug=False>
           └ <asyncio.runners.Runner object at 0x7bebc2d0dc10>
  File "/home/liujx/miniconda3/envs/py311/lib/python3.11/asyncio/base_events.py", line 637, in run_until_complete
    self.run_forever()
    │    └ <function BaseEventLoop.run_forever at 0x7bebc2821a80>
    └ <_UnixSelectorEventLoop running=True closed=False debug=False>
  File "/home/liujx/miniconda3/envs/py311/lib/python3.11/asyncio/base_events.py", line 604, in run_forever
    self._run_once()
    │    └ <function BaseEventLoop._run_once at 0x7bebc2823880>
    └ <_UnixSelectorEventLoop running=True closed=False debug=False>
  File "/home/liujx/miniconda3/envs/py311/lib/python3.11/asyncio/base_events.py", line 1909, in _run_once
    handle._run()
    │      └ <function Handle._run at 0x7bebc27c47c0>
    └ <Handle Task.task_wakeup(<Future finished result=True>)>
  File "/home/liujx/miniconda3/envs/py311/lib/python3.11/asyncio/events.py", line 80, in _run
    self._context.run(self._callback, *self._args)
    │    │            │    │           │    └ <member '_args' of 'Handle' objects>
    │    │            │    │           └ <Handle Task.task_wakeup(<Future finished result=True>)>
    │    │            │    └ <member '_callback' of 'Handle' objects>
    │    │            └ <Handle Task.task_wakeup(<Future finished result=True>)>
    │    └ <member '_context' of 'Handle' objects>
    └ <Handle Task.task_wakeup(<Future finished result=True>)>
  File "/home/liujx/miniconda3/envs/py311/lib/python3.11/site-packages/uvicorn/protocols/http/h11_impl.py", line 403, in run_asgi
    result = await app(  # type: ignore[func-returns-value]
                   └ <uvicorn.middleware.proxy_headers.ProxyHeadersMiddleware object at 0x7bebc21a7f50>
  File "/home/liujx/miniconda3/envs/py311/lib/python3.11/site-packages/uvicorn/middleware/proxy_headers.py", line 60, in __call__
    return await self.app(scope, receive, send)
                 │    │   │      │        └ <bound method RequestResponseCycle.send of <uvicorn.protocols.http.h11_impl.RequestResponseCycle object at 0x7bebc0b68fd0>>
                 │    │   │      └ <bound method RequestResponseCycle.receive of <uvicorn.protocols.http.h11_impl.RequestResponseCycle object at 0x7bebc0b68fd0>>
                 │    │   └ {'type': 'http', 'asgi': {'version': '3.0', 'spec_version': '2.3'}, 'http_version': '1.1', 'server': ('11.11.11.45', 8000), '...
                 │    └ <fastapi.applications.FastAPI object at 0x7bebc11cfad0>
                 └ <uvicorn.middleware.proxy_headers.ProxyHeadersMiddleware object at 0x7bebc21a7f50>
  File "/home/liujx/miniconda3/envs/py311/lib/python3.11/site-packages/fastapi/applications.py", line 1054, in __call__
    await super().__call__(scope, receive, send)
                           │      │        └ <bound method RequestResponseCycle.send of <uvicorn.protocols.http.h11_impl.RequestResponseCycle object at 0x7bebc0b68fd0>>
                           │      └ <bound method RequestResponseCycle.receive of <uvicorn.protocols.http.h11_impl.RequestResponseCycle object at 0x7bebc0b68fd0>>
                           └ {'type': 'http', 'asgi': {'version': '3.0', 'spec_version': '2.3'}, 'http_version': '1.1', 'server': ('11.11.11.45', 8000), '...
  File "/home/liujx/miniconda3/envs/py311/lib/python3.11/site-packages/starlette/applications.py", line 113, in __call__
    await self.middleware_stack(scope, receive, send)
          │    │                │      │        └ <bound method RequestResponseCycle.send of <uvicorn.protocols.http.h11_impl.RequestResponseCycle object at 0x7bebc0b68fd0>>
          │    │                │      └ <bound method RequestResponseCycle.receive of <uvicorn.protocols.http.h11_impl.RequestResponseCycle object at 0x7bebc0b68fd0>>
          │    │                └ {'type': 'http', 'asgi': {'version': '3.0', 'spec_version': '2.3'}, 'http_version': '1.1', 'server': ('11.11.11.45', 8000), '...
          │    └ <starlette.middleware.errors.ServerErrorMiddleware object at 0x7bebc0b4a710>
          └ <fastapi.applications.FastAPI object at 0x7bebc11cfad0>
  File "/home/liujx/miniconda3/envs/py311/lib/python3.11/site-packages/starlette/middleware/errors.py", line 164, in __call__
    await self.app(scope, receive, _send)
          │    │   │      │        └ <function ServerErrorMiddleware.__call__.<locals>._send at 0x7bebc0b62980>
          │    │   │      └ <bound method RequestResponseCycle.receive of <uvicorn.protocols.http.h11_impl.RequestResponseCycle object at 0x7bebc0b68fd0>>
          │    │   └ {'type': 'http', 'asgi': {'version': '3.0', 'spec_version': '2.3'}, 'http_version': '1.1', 'server': ('11.11.11.45', 8000), '...
          │    └ <starlette.middleware.base.BaseHTTPMiddleware object at 0x7bebc0b48590>
          └ <starlette.middleware.errors.ServerErrorMiddleware object at 0x7bebc0b4a710>
  File "/home/liujx/miniconda3/envs/py311/lib/python3.11/site-packages/starlette/middleware/base.py", line 184, in __call__
    response = await self.dispatch_func(request, call_next)
                     │    │             │        └ <function BaseHTTPMiddleware.__call__.<locals>.call_next at 0x7bebc0b62a20>
                     │    │             └ <starlette.middleware.base._CachedRequest object at 0x7bebc0b690d0>
                     │    └ <function log_middleware at 0x7bebc11da980>
                     └ <starlette.middleware.base.BaseHTTPMiddleware object at 0x7bebc0b48590>

> File "/home/liujx/PROJ/taolele/user_api/hooks/middlewares.py", line 7, in log_middleware
    response = await call_next(request)
                     │         └ <starlette.middleware.base._CachedRequest object at 0x7bebc0b690d0>
                     └ <function BaseHTTPMiddleware.__call__.<locals>.call_next at 0x7bebc0b62a20>

  File "/home/liujx/miniconda3/envs/py311/lib/python3.11/site-packages/starlette/middleware/base.py", line 159, in call_next
    raise app_exc
          └ AttributeError('S')
  File "/home/liujx/miniconda3/envs/py311/lib/python3.11/site-packages/starlette/middleware/base.py", line 144, in coro
    await self.app(scope, receive_or_disconnect, send_no_error)
          │    │   │      │                      └ <function BaseHTTPMiddleware.__call__.<locals>.call_next.<locals>.send_no_error at 0x7bebc0b63a60>
          │    │   │      └ <function BaseHTTPMiddleware.__call__.<locals>.call_next.<locals>.receive_or_disconnect at 0x7bebc0b63880>
          │    │   └ {'type': 'http', 'asgi': {'version': '3.0', 'spec_version': '2.3'}, 'http_version': '1.1', 'server': ('11.11.11.45', 8000), '...
          │    └ <starlette.middleware.exceptions.ExceptionMiddleware object at 0x7bebc0b4a6d0>
          └ <starlette.middleware.base.BaseHTTPMiddleware object at 0x7bebc0b48590>
  File "/home/liujx/miniconda3/envs/py311/lib/python3.11/site-packages/starlette/middleware/exceptions.py", line 63, in __call__
    await wrap_app_handling_exceptions(self.app, conn)(scope, receive, send)
          │                            │    │    │     │      │        └ <function BaseHTTPMiddleware.__call__.<locals>.call_next.<locals>.send_no_error at 0x7bebc0b63a60>
          │                            │    │    │     │      └ <function BaseHTTPMiddleware.__call__.<locals>.call_next.<locals>.receive_or_disconnect at 0x7bebc0b63880>
          │                            │    │    │     └ {'type': 'http', 'asgi': {'version': '3.0', 'spec_version': '2.3'}, 'http_version': '1.1', 'server': ('11.11.11.45', 8000), '...
          │                            │    │    └ <starlette.requests.Request object at 0x7bebc0b692d0>
          │                            │    └ <fastapi.routing.APIRouter object at 0x7bebc1f01610>
          │                            └ <starlette.middleware.exceptions.ExceptionMiddleware object at 0x7bebc0b4a6d0>
          └ <function wrap_app_handling_exceptions at 0x7bebc12b77e0>
  File "/home/liujx/miniconda3/envs/py311/lib/python3.11/site-packages/starlette/_exception_handler.py", line 53, in wrapped_app
    raise exc
  File "/home/liujx/miniconda3/envs/py311/lib/python3.11/site-packages/starlette/_exception_handler.py", line 42, in wrapped_app
    await app(scope, receive, sender)
          │   │      │        └ <function wrap_app_handling_exceptions.<locals>.wrapped_app.<locals>.sender at 0x7bebc0bc4ae0>
          │   │      └ <function BaseHTTPMiddleware.__call__.<locals>.call_next.<locals>.receive_or_disconnect at 0x7bebc0b63880>
          │   └ {'type': 'http', 'asgi': {'version': '3.0', 'spec_version': '2.3'}, 'http_version': '1.1', 'server': ('11.11.11.45', 8000), '...
          └ <fastapi.routing.APIRouter object at 0x7bebc1f01610>
  File "/home/liujx/miniconda3/envs/py311/lib/python3.11/site-packages/starlette/routing.py", line 716, in __call__
    await self.middleware_stack(scope, receive, send)
          │    │                │      │        └ <function wrap_app_handling_exceptions.<locals>.wrapped_app.<locals>.sender at 0x7bebc0bc4ae0>
          │    │                │      └ <function BaseHTTPMiddleware.__call__.<locals>.call_next.<locals>.receive_or_disconnect at 0x7bebc0b63880>
          │    │                └ {'type': 'http', 'asgi': {'version': '3.0', 'spec_version': '2.3'}, 'http_version': '1.1', 'server': ('11.11.11.45', 8000), '...
          │    └ <bound method Router.app of <fastapi.routing.APIRouter object at 0x7bebc1f01610>>
          └ <fastapi.routing.APIRouter object at 0x7bebc1f01610>
  File "/home/liujx/miniconda3/envs/py311/lib/python3.11/site-packages/starlette/routing.py", line 736, in app
    await route.handle(scope, receive, send)
          │     │      │      │        └ <function wrap_app_handling_exceptions.<locals>.wrapped_app.<locals>.sender at 0x7bebc0bc4ae0>
          │     │      │      └ <function BaseHTTPMiddleware.__call__.<locals>.call_next.<locals>.receive_or_disconnect at 0x7bebc0b63880>
          │     │      └ {'type': 'http', 'asgi': {'version': '3.0', 'spec_version': '2.3'}, 'http_version': '1.1', 'server': ('11.11.11.45', 8000), '...
          │     └ <function Route.handle at 0x7bebc12d8e00>
          └ APIRoute(path='/user/smscode/{mobile}', name='get_smscode', methods=['GET'])
  File "/home/liujx/miniconda3/envs/py311/lib/python3.11/site-packages/starlette/routing.py", line 290, in handle
    await self.app(scope, receive, send)
          │    │   │      │        └ <function wrap_app_handling_exceptions.<locals>.wrapped_app.<locals>.sender at 0x7bebc0bc4ae0>
          │    │   │      └ <function BaseHTTPMiddleware.__call__.<locals>.call_next.<locals>.receive_or_disconnect at 0x7bebc0b63880>
          │    │   └ {'type': 'http', 'asgi': {'version': '3.0', 'spec_version': '2.3'}, 'http_version': '1.1', 'server': ('11.11.11.45', 8000), '...
          │    └ <function request_response.<locals>.app at 0x7bebc0b37a60>
          └ APIRoute(path='/user/smscode/{mobile}', name='get_smscode', methods=['GET'])
  File "/home/liujx/miniconda3/envs/py311/lib/python3.11/site-packages/starlette/routing.py", line 78, in app
    await wrap_app_handling_exceptions(app, request)(scope, receive, send)
          │                            │    │        │      │        └ <function wrap_app_handling_exceptions.<locals>.wrapped_app.<locals>.sender at 0x7bebc0bc4ae0>
          │                            │    │        │      └ <function BaseHTTPMiddleware.__call__.<locals>.call_next.<locals>.receive_or_disconnect at 0x7bebc0b63880>
          │                            │    │        └ {'type': 'http', 'asgi': {'version': '3.0', 'spec_version': '2.3'}, 'http_version': '1.1', 'server': ('11.11.11.45', 8000), '...
          │                            │    └ <starlette.requests.Request object at 0x7bebc0b69bd0>
          │                            └ <function request_response.<locals>.app.<locals>.app at 0x7bebc0bc4b80>
          └ <function wrap_app_handling_exceptions at 0x7bebc12b77e0>
  File "/home/liujx/miniconda3/envs/py311/lib/python3.11/site-packages/starlette/_exception_handler.py", line 53, in wrapped_app
    raise exc
  File "/home/liujx/miniconda3/envs/py311/lib/python3.11/site-packages/starlette/_exception_handler.py", line 42, in wrapped_app
    await app(scope, receive, sender)
          │   │      │        └ <function wrap_app_handling_exceptions.<locals>.wrapped_app.<locals>.sender at 0x7bebc0bc4cc0>
          │   │      └ <function BaseHTTPMiddleware.__call__.<locals>.call_next.<locals>.receive_or_disconnect at 0x7bebc0b63880>
          │   └ {'type': 'http', 'asgi': {'version': '3.0', 'spec_version': '2.3'}, 'http_version': '1.1', 'server': ('11.11.11.45', 8000), '...
          └ <function request_response.<locals>.app.<locals>.app at 0x7bebc0bc4b80>
  File "/home/liujx/miniconda3/envs/py311/lib/python3.11/site-packages/starlette/routing.py", line 75, in app
    response = await f(request)
                     │ └ <starlette.requests.Request object at 0x7bebc0b69bd0>
                     └ <function get_request_handler.<locals>.app at 0x7bebc0b379c0>
  File "/home/liujx/miniconda3/envs/py311/lib/python3.11/site-packages/fastapi/routing.py", line 302, in app
    raw_response = await run_endpoint_function(
                         └ <function run_endpoint_function at 0x7bebc12d8900>
  File "/home/liujx/miniconda3/envs/py311/lib/python3.11/site-packages/fastapi/routing.py", line 213, in run_endpoint_function
    return await dependant.call(**values)
                 │         │      └ {'mobile': '13870429866'}
                 │         └ <function get_smscode at 0x7bebc0da4180>
                 └ Dependant(path_params=[ModelField(field_info=Path(PydanticUndefined), name='mobile', mode='validation')], query_params=[], he...

  File "/home/liujx/PROJ/taolele/user_api/routers/user.py", line 27, in get_smscode
    return ResultModule(result=ResultEnum.S)
           │                   └ <enum 'ResultEnum'>
           └ <class 'schemas.response.ResultModule'>

  File "/home/liujx/miniconda3/envs/py311/lib/python3.11/enum.py", line 767, in __getattr__
    raise AttributeError(name) from None
                         └ 'S'

AttributeError: S
2025-08-03 19:53:35.979 | ERROR    | hooks.middlewares:log_middleware:11 - 发送异常了：
Traceback (most recent call last):

  File "<string>", line 1, in <module>
  File "/home/liujx/miniconda3/envs/py311/lib/python3.11/multiprocessing/spawn.py", line 120, in spawn_main
    exitcode = _main(fd, parent_sentinel)
               │     │   └ 4
               │     └ 7
               └ <function _main at 0x7843fb4ee700>
  File "/home/liujx/miniconda3/envs/py311/lib/python3.11/multiprocessing/spawn.py", line 133, in _main
    return self._bootstrap(parent_sentinel)
           │    │          └ 4
           │    └ <function BaseProcess._bootstrap at 0x7843fb400a40>
           └ <SpawnProcess name='SpawnProcess-2' parent=41893 started>
  File "/home/liujx/miniconda3/envs/py311/lib/python3.11/multiprocessing/process.py", line 314, in _bootstrap
    self.run()
    │    └ <function BaseProcess.run at 0x7843fb5f7f60>
    └ <SpawnProcess name='SpawnProcess-2' parent=41893 started>
  File "/home/liujx/miniconda3/envs/py311/lib/python3.11/multiprocessing/process.py", line 108, in run
    self._target(*self._args, **self._kwargs)
    │    │        │    │        │    └ {'config': <uvicorn.config.Config object at 0x7843fb2af6d0>, 'target': <bound method Server.run of <uvicorn.server.Server obj...
    │    │        │    │        └ <SpawnProcess name='SpawnProcess-2' parent=41893 started>
    │    │        │    └ ()
    │    │        └ <SpawnProcess name='SpawnProcess-2' parent=41893 started>
    │    └ <function subprocess_started at 0x7843fa8bfa60>
    └ <SpawnProcess name='SpawnProcess-2' parent=41893 started>
  File "/home/liujx/miniconda3/envs/py311/lib/python3.11/site-packages/uvicorn/_subprocess.py", line 80, in subprocess_started
    target(sockets=sockets)
    │              └ [<socket.socket fd=3, family=2, type=1, proto=0, laddr=('0.0.0.0', 8000)>]
    └ <bound method Server.run of <uvicorn.server.Server object at 0x7843fa9461d0>>
  File "/home/liujx/miniconda3/envs/py311/lib/python3.11/site-packages/uvicorn/server.py", line 67, in run
    return asyncio.run(self.serve(sockets=sockets))
           │       │   │    │             └ [<socket.socket fd=3, family=2, type=1, proto=0, laddr=('0.0.0.0', 8000)>]
           │       │   │    └ <function Server.serve at 0x7843fa8be700>
           │       │   └ <uvicorn.server.Server object at 0x7843fa9461d0>
           │       └ <function run at 0x7843faf5fd80>
           └ <module 'asyncio' from '/home/liujx/miniconda3/envs/py311/lib/python3.11/asyncio/__init__.py'>
  File "/home/liujx/miniconda3/envs/py311/lib/python3.11/asyncio/runners.py", line 190, in run
    return runner.run(main)
           │      │   └ <coroutine object Server.serve at 0x7843fa8fe890>
           │      └ <function Runner.run at 0x7843fafd3f60>
           └ <asyncio.runners.Runner object at 0x7843fa934250>
  File "/home/liujx/miniconda3/envs/py311/lib/python3.11/asyncio/runners.py", line 118, in run
    return self._loop.run_until_complete(task)
           │    │     │                  └ <Task pending name='Task-1' coro=<Server.serve() running at /home/liujx/miniconda3/envs/py311/lib/python3.11/site-packages/uv...
           │    │     └ <function BaseEventLoop.run_until_complete at 0x7843fafd1b20>
           │    └ <_UnixSelectorEventLoop running=True closed=False debug=False>
           └ <asyncio.runners.Runner object at 0x7843fa934250>
  File "/home/liujx/miniconda3/envs/py311/lib/python3.11/asyncio/base_events.py", line 637, in run_until_complete
    self.run_forever()
    │    └ <function BaseEventLoop.run_forever at 0x7843fafd1a80>
    └ <_UnixSelectorEventLoop running=True closed=False debug=False>
  File "/home/liujx/miniconda3/envs/py311/lib/python3.11/asyncio/base_events.py", line 604, in run_forever
    self._run_once()
    │    └ <function BaseEventLoop._run_once at 0x7843fafd3880>
    └ <_UnixSelectorEventLoop running=True closed=False debug=False>
  File "/home/liujx/miniconda3/envs/py311/lib/python3.11/asyncio/base_events.py", line 1909, in _run_once
    handle._run()
    │      └ <function Handle._run at 0x7843faf747c0>
    └ <Handle Task.task_wakeup(<Future finished result=True>)>
  File "/home/liujx/miniconda3/envs/py311/lib/python3.11/asyncio/events.py", line 80, in _run
    self._context.run(self._callback, *self._args)
    │    │            │    │           │    └ <member '_args' of 'Handle' objects>
    │    │            │    │           └ <Handle Task.task_wakeup(<Future finished result=True>)>
    │    │            │    └ <member '_callback' of 'Handle' objects>
    │    │            └ <Handle Task.task_wakeup(<Future finished result=True>)>
    │    └ <member '_context' of 'Handle' objects>
    └ <Handle Task.task_wakeup(<Future finished result=True>)>
  File "/home/liujx/miniconda3/envs/py311/lib/python3.11/site-packages/uvicorn/protocols/http/h11_impl.py", line 403, in run_asgi
    result = await app(  # type: ignore[func-returns-value]
                   └ <uvicorn.middleware.proxy_headers.ProxyHeadersMiddleware object at 0x7843f934fa10>
  File "/home/liujx/miniconda3/envs/py311/lib/python3.11/site-packages/uvicorn/middleware/proxy_headers.py", line 60, in __call__
    return await self.app(scope, receive, send)
                 │    │   │      │        └ <bound method RequestResponseCycle.send of <uvicorn.protocols.http.h11_impl.RequestResponseCycle object at 0x7843f9378fd0>>
                 │    │   │      └ <bound method RequestResponseCycle.receive of <uvicorn.protocols.http.h11_impl.RequestResponseCycle object at 0x7843f9378fd0>>
                 │    │   └ {'type': 'http', 'asgi': {'version': '3.0', 'spec_version': '2.3'}, 'http_version': '1.1', 'server': ('11.11.11.45', 8000), '...
                 │    └ <fastapi.applications.FastAPI object at 0x7843f99dfdd0>
                 └ <uvicorn.middleware.proxy_headers.ProxyHeadersMiddleware object at 0x7843f934fa10>
  File "/home/liujx/miniconda3/envs/py311/lib/python3.11/site-packages/fastapi/applications.py", line 1054, in __call__
    await super().__call__(scope, receive, send)
                           │      │        └ <bound method RequestResponseCycle.send of <uvicorn.protocols.http.h11_impl.RequestResponseCycle object at 0x7843f9378fd0>>
                           │      └ <bound method RequestResponseCycle.receive of <uvicorn.protocols.http.h11_impl.RequestResponseCycle object at 0x7843f9378fd0>>
                           └ {'type': 'http', 'asgi': {'version': '3.0', 'spec_version': '2.3'}, 'http_version': '1.1', 'server': ('11.11.11.45', 8000), '...
  File "/home/liujx/miniconda3/envs/py311/lib/python3.11/site-packages/starlette/applications.py", line 113, in __call__
    await self.middleware_stack(scope, receive, send)
          │    │                │      │        └ <bound method RequestResponseCycle.send of <uvicorn.protocols.http.h11_impl.RequestResponseCycle object at 0x7843f9378fd0>>
          │    │                │      └ <bound method RequestResponseCycle.receive of <uvicorn.protocols.http.h11_impl.RequestResponseCycle object at 0x7843f9378fd0>>
          │    │                └ {'type': 'http', 'asgi': {'version': '3.0', 'spec_version': '2.3'}, 'http_version': '1.1', 'server': ('11.11.11.45', 8000), '...
          │    └ <starlette.middleware.errors.ServerErrorMiddleware object at 0x7843f9df7150>
          └ <fastapi.applications.FastAPI object at 0x7843f99dfdd0>
  File "/home/liujx/miniconda3/envs/py311/lib/python3.11/site-packages/starlette/middleware/errors.py", line 164, in __call__
    await self.app(scope, receive, _send)
          │    │   │      │        └ <function ServerErrorMiddleware.__call__.<locals>._send at 0x7843f9372980>
          │    │   │      └ <bound method RequestResponseCycle.receive of <uvicorn.protocols.http.h11_impl.RequestResponseCycle object at 0x7843f9378fd0>>
          │    │   └ {'type': 'http', 'asgi': {'version': '3.0', 'spec_version': '2.3'}, 'http_version': '1.1', 'server': ('11.11.11.45', 8000), '...
          │    └ <starlette.middleware.base.BaseHTTPMiddleware object at 0x7843fb494790>
          └ <starlette.middleware.errors.ServerErrorMiddleware object at 0x7843f9df7150>
  File "/home/liujx/miniconda3/envs/py311/lib/python3.11/site-packages/starlette/middleware/base.py", line 184, in __call__
    response = await self.dispatch_func(request, call_next)
                     │    │             │        └ <function BaseHTTPMiddleware.__call__.<locals>.call_next at 0x7843f9372a20>
                     │    │             └ <starlette.middleware.base._CachedRequest object at 0x7843f9379110>
                     │    └ <function log_middleware at 0x7843f99ea980>
                     └ <starlette.middleware.base.BaseHTTPMiddleware object at 0x7843fb494790>

> File "/home/liujx/PROJ/taolele/user_api/hooks/middlewares.py", line 7, in log_middleware
    response = await call_next(request)
                     │         └ <starlette.middleware.base._CachedRequest object at 0x7843f9379110>
                     └ <function BaseHTTPMiddleware.__call__.<locals>.call_next at 0x7843f9372a20>

  File "/home/liujx/miniconda3/envs/py311/lib/python3.11/site-packages/starlette/middleware/base.py", line 159, in call_next
    raise app_exc
          └ AttributeError('S')
  File "/home/liujx/miniconda3/envs/py311/lib/python3.11/site-packages/starlette/middleware/base.py", line 144, in coro
    await self.app(scope, receive_or_disconnect, send_no_error)
          │    │   │      │                      └ <function BaseHTTPMiddleware.__call__.<locals>.call_next.<locals>.send_no_error at 0x7843f9373a60>
          │    │   │      └ <function BaseHTTPMiddleware.__call__.<locals>.call_next.<locals>.receive_or_disconnect at 0x7843f9373880>
          │    │   └ {'type': 'http', 'asgi': {'version': '3.0', 'spec_version': '2.3'}, 'http_version': '1.1', 'server': ('11.11.11.45', 8000), '...
          │    └ <starlette.middleware.exceptions.ExceptionMiddleware object at 0x7843f934f650>
          └ <starlette.middleware.base.BaseHTTPMiddleware object at 0x7843fb494790>
  File "/home/liujx/miniconda3/envs/py311/lib/python3.11/site-packages/starlette/middleware/exceptions.py", line 63, in __call__
    await wrap_app_handling_exceptions(self.app, conn)(scope, receive, send)
          │                            │    │    │     │      │        └ <function BaseHTTPMiddleware.__call__.<locals>.call_next.<locals>.send_no_error at 0x7843f9373a60>
          │                            │    │    │     │      └ <function BaseHTTPMiddleware.__call__.<locals>.call_next.<locals>.receive_or_disconnect at 0x7843f9373880>
          │                            │    │    │     └ {'type': 'http', 'asgi': {'version': '3.0', 'spec_version': '2.3'}, 'http_version': '1.1', 'server': ('11.11.11.45', 8000), '...
          │                            │    │    └ <starlette.requests.Request object at 0x7843f9379b90>
          │                            │    └ <fastapi.routing.APIRouter object at 0x7843fa79fc90>
          │                            └ <starlette.middleware.exceptions.ExceptionMiddleware object at 0x7843f934f650>
          └ <function wrap_app_handling_exceptions at 0x7843f9ac77e0>
  File "/home/liujx/miniconda3/envs/py311/lib/python3.11/site-packages/starlette/_exception_handler.py", line 53, in wrapped_app
    raise exc
  File "/home/liujx/miniconda3/envs/py311/lib/python3.11/site-packages/starlette/_exception_handler.py", line 42, in wrapped_app
    await app(scope, receive, sender)
          │   │      │        └ <function wrap_app_handling_exceptions.<locals>.wrapped_app.<locals>.sender at 0x7843f93d4ae0>
          │   │      └ <function BaseHTTPMiddleware.__call__.<locals>.call_next.<locals>.receive_or_disconnect at 0x7843f9373880>
          │   └ {'type': 'http', 'asgi': {'version': '3.0', 'spec_version': '2.3'}, 'http_version': '1.1', 'server': ('11.11.11.45', 8000), '...
          └ <fastapi.routing.APIRouter object at 0x7843fa79fc90>
  File "/home/liujx/miniconda3/envs/py311/lib/python3.11/site-packages/starlette/routing.py", line 716, in __call__
    await self.middleware_stack(scope, receive, send)
          │    │                │      │        └ <function wrap_app_handling_exceptions.<locals>.wrapped_app.<locals>.sender at 0x7843f93d4ae0>
          │    │                │      └ <function BaseHTTPMiddleware.__call__.<locals>.call_next.<locals>.receive_or_disconnect at 0x7843f9373880>
          │    │                └ {'type': 'http', 'asgi': {'version': '3.0', 'spec_version': '2.3'}, 'http_version': '1.1', 'server': ('11.11.11.45', 8000), '...
          │    └ <bound method Router.app of <fastapi.routing.APIRouter object at 0x7843fa79fc90>>
          └ <fastapi.routing.APIRouter object at 0x7843fa79fc90>
  File "/home/liujx/miniconda3/envs/py311/lib/python3.11/site-packages/starlette/routing.py", line 736, in app
    await route.handle(scope, receive, send)
          │     │      │      │        └ <function wrap_app_handling_exceptions.<locals>.wrapped_app.<locals>.sender at 0x7843f93d4ae0>
          │     │      │      └ <function BaseHTTPMiddleware.__call__.<locals>.call_next.<locals>.receive_or_disconnect at 0x7843f9373880>
          │     │      └ {'type': 'http', 'asgi': {'version': '3.0', 'spec_version': '2.3'}, 'http_version': '1.1', 'server': ('11.11.11.45', 8000), '...
          │     └ <function Route.handle at 0x7843f9aece00>
          └ APIRoute(path='/user/smscode/{mobile}', name='get_smscode', methods=['GET'])
  File "/home/liujx/miniconda3/envs/py311/lib/python3.11/site-packages/starlette/routing.py", line 290, in handle
    await self.app(scope, receive, send)
          │    │   │      │        └ <function wrap_app_handling_exceptions.<locals>.wrapped_app.<locals>.sender at 0x7843f93d4ae0>
          │    │   │      └ <function BaseHTTPMiddleware.__call__.<locals>.call_next.<locals>.receive_or_disconnect at 0x7843f9373880>
          │    │   └ {'type': 'http', 'asgi': {'version': '3.0', 'spec_version': '2.3'}, 'http_version': '1.1', 'server': ('11.11.11.45', 8000), '...
          │    └ <function request_response.<locals>.app at 0x7843f9347a60>
          └ APIRoute(path='/user/smscode/{mobile}', name='get_smscode', methods=['GET'])
  File "/home/liujx/miniconda3/envs/py311/lib/python3.11/site-packages/starlette/routing.py", line 78, in app
    await wrap_app_handling_exceptions(app, request)(scope, receive, send)
          │                            │    │        │      │        └ <function wrap_app_handling_exceptions.<locals>.wrapped_app.<locals>.sender at 0x7843f93d4ae0>
          │                            │    │        │      └ <function BaseHTTPMiddleware.__call__.<locals>.call_next.<locals>.receive_or_disconnect at 0x7843f9373880>
          │                            │    │        └ {'type': 'http', 'asgi': {'version': '3.0', 'spec_version': '2.3'}, 'http_version': '1.1', 'server': ('11.11.11.45', 8000), '...
          │                            │    └ <starlette.requests.Request object at 0x7843f9379d50>
          │                            └ <function request_response.<locals>.app.<locals>.app at 0x7843f93d4b80>
          └ <function wrap_app_handling_exceptions at 0x7843f9ac77e0>
  File "/home/liujx/miniconda3/envs/py311/lib/python3.11/site-packages/starlette/_exception_handler.py", line 53, in wrapped_app
    raise exc
  File "/home/liujx/miniconda3/envs/py311/lib/python3.11/site-packages/starlette/_exception_handler.py", line 42, in wrapped_app
    await app(scope, receive, sender)
          │   │      │        └ <function wrap_app_handling_exceptions.<locals>.wrapped_app.<locals>.sender at 0x7843f93d4cc0>
          │   │      └ <function BaseHTTPMiddleware.__call__.<locals>.call_next.<locals>.receive_or_disconnect at 0x7843f9373880>
          │   └ {'type': 'http', 'asgi': {'version': '3.0', 'spec_version': '2.3'}, 'http_version': '1.1', 'server': ('11.11.11.45', 8000), '...
          └ <function request_response.<locals>.app.<locals>.app at 0x7843f93d4b80>
  File "/home/liujx/miniconda3/envs/py311/lib/python3.11/site-packages/starlette/routing.py", line 75, in app
    response = await f(request)
                     │ └ <starlette.requests.Request object at 0x7843f9379d50>
                     └ <function get_request_handler.<locals>.app at 0x7843f93479c0>
  File "/home/liujx/miniconda3/envs/py311/lib/python3.11/site-packages/fastapi/routing.py", line 302, in app
    raw_response = await run_endpoint_function(
                         └ <function run_endpoint_function at 0x7843f9aec900>
  File "/home/liujx/miniconda3/envs/py311/lib/python3.11/site-packages/fastapi/routing.py", line 213, in run_endpoint_function
    return await dependant.call(**values)
                 │         │      └ {'mobile': '13870429866'}
                 │         └ <function get_smscode at 0x7843f95b4180>
                 └ Dependant(path_params=[ModelField(field_info=Path(PydanticUndefined), name='mobile', mode='validation')], query_params=[], he...

  File "/home/liujx/PROJ/taolele/user_api/routers/user.py", line 27, in get_smscode
    return ResultModule(result=ResultEnum.S)
           │                   └ <enum 'ResultEnum'>
           └ <class 'schemas.response.ResultModule'>

  File "/home/liujx/miniconda3/envs/py311/lib/python3.11/enum.py", line 767, in __getattr__
    raise AttributeError(name) from None
                         └ 'S'

AttributeError: S
2025-08-04 11:15:23.928 | ERROR    | hooks.middlewares:log_middleware:11 - 发送异常了：
Traceback (most recent call last):

  File "/home/liujx/miniconda3/envs/py311/lib/python3.11/site-packages/anyio/streams/memory.py", line 111, in receive
    return self.receive_nowait()
           │    └ <function MemoryObjectReceiveStream.receive_nowait at 0x77527fa1dd00>
           └ MemoryObjectReceiveStream(_state=MemoryObjectStreamState(max_buffer_size=0, buffer=deque([]), open_send_channels=0, open_rece...
  File "/home/liujx/miniconda3/envs/py311/lib/python3.11/site-packages/anyio/streams/memory.py", line 106, in receive_nowait
    raise WouldBlock
          └ <class 'anyio.WouldBlock'>

anyio.WouldBlock


During handling of the above exception, another exception occurred:


Traceback (most recent call last):

  File "/home/liujx/miniconda3/envs/py311/lib/python3.11/site-packages/anyio/streams/memory.py", line 124, in receive
    return receiver.item
           └ MemoryObjectItemReceiver(task_info=AsyncIOTaskInfo(id=131196198697856, name='Task-7'), item=None)

AttributeError: 'MemoryObjectItemReceiver' object has no attribute 'item'


During handling of the above exception, another exception occurred:


Traceback (most recent call last):

  File "/home/liujx/miniconda3/envs/py311/lib/python3.11/site-packages/starlette/middleware/base.py", line 151, in call_next
    message = await recv_stream.receive()
                    │           └ <function MemoryObjectReceiveStream.receive at 0x77527fa1dda0>
                    └ MemoryObjectReceiveStream(_state=MemoryObjectStreamState(max_buffer_size=0, buffer=deque([]), open_send_channels=0, open_rece...
  File "/home/liujx/miniconda3/envs/py311/lib/python3.11/site-packages/anyio/streams/memory.py", line 126, in receive
    raise EndOfStream
          └ <class 'anyio.EndOfStream'>

anyio.EndOfStream


During handling of the above exception, another exception occurred:


Traceback (most recent call last):

  File "<string>", line 1, in <module>
  File "/home/liujx/miniconda3/envs/py311/lib/python3.11/multiprocessing/spawn.py", line 120, in spawn_main
    exitcode = _main(fd, parent_sentinel)
               │     │   └ 4
               │     └ 7
               └ <function _main at 0x7752811ea700>
  File "/home/liujx/miniconda3/envs/py311/lib/python3.11/multiprocessing/spawn.py", line 133, in _main
    return self._bootstrap(parent_sentinel)
           │    │          └ 4
           │    └ <function BaseProcess._bootstrap at 0x7752812fca40>
           └ <SpawnProcess name='SpawnProcess-3' parent=129484 started>
  File "/home/liujx/miniconda3/envs/py311/lib/python3.11/multiprocessing/process.py", line 314, in _bootstrap
    self.run()
    │    └ <function BaseProcess.run at 0x7752812f3f60>
    └ <SpawnProcess name='SpawnProcess-3' parent=129484 started>
  File "/home/liujx/miniconda3/envs/py311/lib/python3.11/multiprocessing/process.py", line 108, in run
    self._target(*self._args, **self._kwargs)
    │    │        │    │        │    └ {'config': <uvicorn.config.Config object at 0x775280fbf6d0>, 'target': <bound method Server.run of <uvicorn.server.Server obj...
    │    │        │    │        └ <SpawnProcess name='SpawnProcess-3' parent=129484 started>
    │    │        │    └ ()
    │    │        └ <SpawnProcess name='SpawnProcess-3' parent=129484 started>
    │    └ <function subprocess_started at 0x77528060fa60>
    └ <SpawnProcess name='SpawnProcess-3' parent=129484 started>
  File "/home/liujx/miniconda3/envs/py311/lib/python3.11/site-packages/uvicorn/_subprocess.py", line 80, in subprocess_started
    target(sockets=sockets)
    │              └ [<socket.socket fd=3, family=2, type=1, proto=0, laddr=('0.0.0.0', 8000)>]
    └ <bound method Server.run of <uvicorn.server.Server object at 0x775280695d10>>
  File "/home/liujx/miniconda3/envs/py311/lib/python3.11/site-packages/uvicorn/server.py", line 67, in run
    return asyncio.run(self.serve(sockets=sockets))
           │       │   │    │             └ [<socket.socket fd=3, family=2, type=1, proto=0, laddr=('0.0.0.0', 8000)>]
           │       │   │    └ <function Server.serve at 0x77528060e700>
           │       │   └ <uvicorn.server.Server object at 0x775280695d10>
           │       └ <function run at 0x775280903d80>
           └ <module 'asyncio' from '/home/liujx/miniconda3/envs/py311/lib/python3.11/asyncio/__init__.py'>
  File "/home/liujx/miniconda3/envs/py311/lib/python3.11/asyncio/runners.py", line 190, in run
    return runner.run(main)
           │      │   └ <coroutine object Server.serve at 0x77528064e890>
           │      └ <function Runner.run at 0x775280977f60>
           └ <asyncio.runners.Runner object at 0x7752806953d0>
  File "/home/liujx/miniconda3/envs/py311/lib/python3.11/asyncio/runners.py", line 118, in run
    return self._loop.run_until_complete(task)
           │    │     │                  └ <Task pending name='Task-1' coro=<Server.serve() running at /home/liujx/miniconda3/envs/py311/lib/python3.11/site-packages/uv...
           │    │     └ <function BaseEventLoop.run_until_complete at 0x775280975b20>
           │    └ <_UnixSelectorEventLoop running=True closed=False debug=False>
           └ <asyncio.runners.Runner object at 0x7752806953d0>
  File "/home/liujx/miniconda3/envs/py311/lib/python3.11/asyncio/base_events.py", line 637, in run_until_complete
    self.run_forever()
    │    └ <function BaseEventLoop.run_forever at 0x775280975a80>
    └ <_UnixSelectorEventLoop running=True closed=False debug=False>
  File "/home/liujx/miniconda3/envs/py311/lib/python3.11/asyncio/base_events.py", line 604, in run_forever
    self._run_once()
    │    └ <function BaseEventLoop._run_once at 0x775280977880>
    └ <_UnixSelectorEventLoop running=True closed=False debug=False>
  File "/home/liujx/miniconda3/envs/py311/lib/python3.11/asyncio/base_events.py", line 1909, in _run_once
    handle._run()
    │      └ <function Handle._run at 0x7752809187c0>
    └ <Handle Task.task_wakeup(<Future finished result=True>)>
  File "/home/liujx/miniconda3/envs/py311/lib/python3.11/asyncio/events.py", line 80, in _run
    self._context.run(self._callback, *self._args)
    │    │            │    │           │    └ <member '_args' of 'Handle' objects>
    │    │            │    │           └ <Handle Task.task_wakeup(<Future finished result=True>)>
    │    │            │    └ <member '_callback' of 'Handle' objects>
    │    │            └ <Handle Task.task_wakeup(<Future finished result=True>)>
    │    └ <member '_context' of 'Handle' objects>
    └ <Handle Task.task_wakeup(<Future finished result=True>)>
  File "/home/liujx/miniconda3/envs/py311/lib/python3.11/site-packages/uvicorn/protocols/http/h11_impl.py", line 403, in run_asgi
    result = await app(  # type: ignore[func-returns-value]
                   └ <uvicorn.middleware.proxy_headers.ProxyHeadersMiddleware object at 0x775280695810>
  File "/home/liujx/miniconda3/envs/py311/lib/python3.11/site-packages/uvicorn/middleware/proxy_headers.py", line 60, in __call__
    return await self.app(scope, receive, send)
                 │    │   │      │        └ <bound method RequestResponseCycle.send of <uvicorn.protocols.http.h11_impl.RequestResponseCycle object at 0x77527db986d0>>
                 │    │   │      └ <bound method RequestResponseCycle.receive of <uvicorn.protocols.http.h11_impl.RequestResponseCycle object at 0x77527db986d0>>
                 │    │   └ {'type': 'http', 'asgi': {'version': '3.0', 'spec_version': '2.3'}, 'http_version': '1.1', 'server': ('11.11.11.45', 8000), '...
                 │    └ <fastapi.applications.FastAPI object at 0x77527f6b0050>
                 └ <uvicorn.middleware.proxy_headers.ProxyHeadersMiddleware object at 0x775280695810>
  File "/home/liujx/miniconda3/envs/py311/lib/python3.11/site-packages/fastapi/applications.py", line 1054, in __call__
    await super().__call__(scope, receive, send)
                           │      │        └ <bound method RequestResponseCycle.send of <uvicorn.protocols.http.h11_impl.RequestResponseCycle object at 0x77527db986d0>>
                           │      └ <bound method RequestResponseCycle.receive of <uvicorn.protocols.http.h11_impl.RequestResponseCycle object at 0x77527db986d0>>
                           └ {'type': 'http', 'asgi': {'version': '3.0', 'spec_version': '2.3'}, 'http_version': '1.1', 'server': ('11.11.11.45', 8000), '...
  File "/home/liujx/miniconda3/envs/py311/lib/python3.11/site-packages/starlette/applications.py", line 113, in __call__
    await self.middleware_stack(scope, receive, send)
          │    │                │      │        └ <bound method RequestResponseCycle.send of <uvicorn.protocols.http.h11_impl.RequestResponseCycle object at 0x77527db986d0>>
          │    │                │      └ <bound method RequestResponseCycle.receive of <uvicorn.protocols.http.h11_impl.RequestResponseCycle object at 0x77527db986d0>>
          │    │                └ {'type': 'http', 'asgi': {'version': '3.0', 'spec_version': '2.3'}, 'http_version': '1.1', 'server': ('11.11.11.45', 8000), '...
          │    └ <starlette.middleware.errors.ServerErrorMiddleware object at 0x77527db1f7d0>
          └ <fastapi.applications.FastAPI object at 0x77527f6b0050>
  File "/home/liujx/miniconda3/envs/py311/lib/python3.11/site-packages/starlette/middleware/errors.py", line 164, in __call__
    await self.app(scope, receive, _send)
          │    │   │      │        └ <function ServerErrorMiddleware.__call__.<locals>._send at 0x77527db0bd80>
          │    │   │      └ <bound method RequestResponseCycle.receive of <uvicorn.protocols.http.h11_impl.RequestResponseCycle object at 0x77527db986d0>>
          │    │   └ {'type': 'http', 'asgi': {'version': '3.0', 'spec_version': '2.3'}, 'http_version': '1.1', 'server': ('11.11.11.45', 8000), '...
          │    └ <starlette.middleware.base.BaseHTTPMiddleware object at 0x77527db1edd0>
          └ <starlette.middleware.errors.ServerErrorMiddleware object at 0x77527db1f7d0>
  File "/home/liujx/miniconda3/envs/py311/lib/python3.11/site-packages/starlette/middleware/base.py", line 184, in __call__
    response = await self.dispatch_func(request, call_next)
                     │    │             │        └ <function BaseHTTPMiddleware.__call__.<locals>.call_next at 0x77527db0be20>
                     │    │             └ <starlette.middleware.base._CachedRequest object at 0x77527db98550>
                     │    └ <function log_middleware at 0x7752803d9800>
                     └ <starlette.middleware.base.BaseHTTPMiddleware object at 0x77527db1edd0>

> File "/home/liujx/PROJ/taolele/user_api/hooks/middlewares.py", line 7, in log_middleware
    response = await call_next(request)
                     │         └ <starlette.middleware.base._CachedRequest object at 0x77527db98550>
                     └ <function BaseHTTPMiddleware.__call__.<locals>.call_next at 0x77527db0be20>

  File "/home/liujx/miniconda3/envs/py311/lib/python3.11/site-packages/starlette/middleware/base.py", line 159, in call_next
    raise app_exc
          └ TypeError("HTTPException.__init__() got an unexpected keyword argument 'details'")
  File "/home/liujx/miniconda3/envs/py311/lib/python3.11/site-packages/starlette/middleware/base.py", line 144, in coro
    await self.app(scope, receive_or_disconnect, send_no_error)
          │    │   │      │                      └ <function BaseHTTPMiddleware.__call__.<locals>.call_next.<locals>.send_no_error at 0x775280683ce0>
          │    │   │      └ <function BaseHTTPMiddleware.__call__.<locals>.call_next.<locals>.receive_or_disconnect at 0x77527db0bce0>
          │    │   └ {'type': 'http', 'asgi': {'version': '3.0', 'spec_version': '2.3'}, 'http_version': '1.1', 'server': ('11.11.11.45', 8000), '...
          │    └ <starlette.middleware.exceptions.ExceptionMiddleware object at 0x77527db1fb10>
          └ <starlette.middleware.base.BaseHTTPMiddleware object at 0x77527db1edd0>
  File "/home/liujx/miniconda3/envs/py311/lib/python3.11/site-packages/starlette/middleware/exceptions.py", line 63, in __call__
    await wrap_app_handling_exceptions(self.app, conn)(scope, receive, send)
          │                            │    │    │     │      │        └ <function BaseHTTPMiddleware.__call__.<locals>.call_next.<locals>.send_no_error at 0x775280683ce0>
          │                            │    │    │     │      └ <function BaseHTTPMiddleware.__call__.<locals>.call_next.<locals>.receive_or_disconnect at 0x77527db0bce0>
          │                            │    │    │     └ {'type': 'http', 'asgi': {'version': '3.0', 'spec_version': '2.3'}, 'http_version': '1.1', 'server': ('11.11.11.45', 8000), '...
          │                            │    │    └ <starlette.requests.Request object at 0x77527db98d50>
          │                            │    └ <fastapi.routing.APIRouter object at 0x7752803e0910>
          │                            └ <starlette.middleware.exceptions.ExceptionMiddleware object at 0x77527db1fb10>
          └ <function wrap_app_handling_exceptions at 0x77527f7e77e0>
  File "/home/liujx/miniconda3/envs/py311/lib/python3.11/site-packages/starlette/_exception_handler.py", line 53, in wrapped_app
    raise exc
  File "/home/liujx/miniconda3/envs/py311/lib/python3.11/site-packages/starlette/_exception_handler.py", line 42, in wrapped_app
    await app(scope, receive, sender)
          │   │      │        └ <function wrap_app_handling_exceptions.<locals>.wrapped_app.<locals>.sender at 0x77527db928e0>
          │   │      └ <function BaseHTTPMiddleware.__call__.<locals>.call_next.<locals>.receive_or_disconnect at 0x77527db0bce0>
          │   └ {'type': 'http', 'asgi': {'version': '3.0', 'spec_version': '2.3'}, 'http_version': '1.1', 'server': ('11.11.11.45', 8000), '...
          └ <fastapi.routing.APIRouter object at 0x7752803e0910>
  File "/home/liujx/miniconda3/envs/py311/lib/python3.11/site-packages/starlette/routing.py", line 716, in __call__
    await self.middleware_stack(scope, receive, send)
          │    │                │      │        └ <function wrap_app_handling_exceptions.<locals>.wrapped_app.<locals>.sender at 0x77527db928e0>
          │    │                │      └ <function BaseHTTPMiddleware.__call__.<locals>.call_next.<locals>.receive_or_disconnect at 0x77527db0bce0>
          │    │                └ {'type': 'http', 'asgi': {'version': '3.0', 'spec_version': '2.3'}, 'http_version': '1.1', 'server': ('11.11.11.45', 8000), '...
          │    └ <bound method Router.app of <fastapi.routing.APIRouter object at 0x7752803e0910>>
          └ <fastapi.routing.APIRouter object at 0x7752803e0910>
  File "/home/liujx/miniconda3/envs/py311/lib/python3.11/site-packages/starlette/routing.py", line 736, in app
    await route.handle(scope, receive, send)
          │     │      │      │        └ <function wrap_app_handling_exceptions.<locals>.wrapped_app.<locals>.sender at 0x77527db928e0>
          │     │      │      └ <function BaseHTTPMiddleware.__call__.<locals>.call_next.<locals>.receive_or_disconnect at 0x77527db0bce0>
          │     │      └ {'type': 'http', 'asgi': {'version': '3.0', 'spec_version': '2.3'}, 'http_version': '1.1', 'server': ('11.11.11.45', 8000), '...
          │     └ <function Route.handle at 0x77527f808e00>
          └ APIRoute(path='/user/login', name='login', methods=['POST'])
  File "/home/liujx/miniconda3/envs/py311/lib/python3.11/site-packages/starlette/routing.py", line 290, in handle
    await self.app(scope, receive, send)
          │    │   │      │        └ <function wrap_app_handling_exceptions.<locals>.wrapped_app.<locals>.sender at 0x77527db928e0>
          │    │   │      └ <function BaseHTTPMiddleware.__call__.<locals>.call_next.<locals>.receive_or_disconnect at 0x77527db0bce0>
          │    │   └ {'type': 'http', 'asgi': {'version': '3.0', 'spec_version': '2.3'}, 'http_version': '1.1', 'server': ('11.11.11.45', 8000), '...
          │    └ <function request_response.<locals>.app at 0x77527db22340>
          └ APIRoute(path='/user/login', name='login', methods=['POST'])
  File "/home/liujx/miniconda3/envs/py311/lib/python3.11/site-packages/starlette/routing.py", line 78, in app
    await wrap_app_handling_exceptions(app, request)(scope, receive, send)
          │                            │    │        │      │        └ <function wrap_app_handling_exceptions.<locals>.wrapped_app.<locals>.sender at 0x77527db928e0>
          │                            │    │        │      └ <function BaseHTTPMiddleware.__call__.<locals>.call_next.<locals>.receive_or_disconnect at 0x77527db0bce0>
          │                            │    │        └ {'type': 'http', 'asgi': {'version': '3.0', 'spec_version': '2.3'}, 'http_version': '1.1', 'server': ('11.11.11.45', 8000), '...
          │                            │    └ <starlette.requests.Request object at 0x77527db98dd0>
          │                            └ <function request_response.<locals>.app.<locals>.app at 0x77527db92980>
          └ <function wrap_app_handling_exceptions at 0x77527f7e77e0>
  File "/home/liujx/miniconda3/envs/py311/lib/python3.11/site-packages/starlette/_exception_handler.py", line 53, in wrapped_app
    raise exc
  File "/home/liujx/miniconda3/envs/py311/lib/python3.11/site-packages/starlette/_exception_handler.py", line 42, in wrapped_app
    await app(scope, receive, sender)
          │   │      │        └ <function wrap_app_handling_exceptions.<locals>.wrapped_app.<locals>.sender at 0x77527db92e80>
          │   │      └ <function BaseHTTPMiddleware.__call__.<locals>.call_next.<locals>.receive_or_disconnect at 0x77527db0bce0>
          │   └ {'type': 'http', 'asgi': {'version': '3.0', 'spec_version': '2.3'}, 'http_version': '1.1', 'server': ('11.11.11.45', 8000), '...
          └ <function request_response.<locals>.app.<locals>.app at 0x77527db92980>
  File "/home/liujx/miniconda3/envs/py311/lib/python3.11/site-packages/starlette/routing.py", line 75, in app
    response = await f(request)
                     │ └ <starlette.requests.Request object at 0x77527db98dd0>
                     └ <function get_request_handler.<locals>.app at 0x77527db222a0>
  File "/home/liujx/miniconda3/envs/py311/lib/python3.11/site-packages/fastapi/routing.py", line 302, in app
    raw_response = await run_endpoint_function(
                         └ <function run_endpoint_function at 0x77527f808900>
  File "/home/liujx/miniconda3/envs/py311/lib/python3.11/site-packages/fastapi/routing.py", line 213, in run_endpoint_function
    return await dependant.call(**values)
                 │         │      └ {'data': LoginModel(mobile='13870429866', code='4819')}
                 │         └ <function login at 0x77527db20680>
                 └ Dependant(path_params=[], query_params=[], header_params=[], cookie_params=[], body_params=[ModelField(field_info=Body(Pydant...

  File "/home/liujx/PROJ/taolele/user_api/routers/user.py", line 40, in login
    raise HTTPException(status_code=400, details="验证码错误")
          └ <class 'fastapi.exceptions.HTTPException'>

TypeError: HTTPException.__init__() got an unexpected keyword argument 'details'
2025-08-04 11:18:49.386 | ERROR    | hooks.middlewares:log_middleware:11 - 发送异常了：
Traceback (most recent call last):

  File "/home/liujx/miniconda3/envs/py311/lib/python3.11/site-packages/anyio/streams/memory.py", line 111, in receive
    return self.receive_nowait()
           │    └ <function MemoryObjectReceiveStream.receive_nowait at 0x7b0bc381dd00>
           └ MemoryObjectReceiveStream(_state=MemoryObjectStreamState(max_buffer_size=0, buffer=deque([]), open_send_channels=0, open_rece...
  File "/home/liujx/miniconda3/envs/py311/lib/python3.11/site-packages/anyio/streams/memory.py", line 106, in receive_nowait
    raise WouldBlock
          └ <class 'anyio.WouldBlock'>

anyio.WouldBlock


During handling of the above exception, another exception occurred:


Traceback (most recent call last):

  File "/home/liujx/miniconda3/envs/py311/lib/python3.11/site-packages/anyio/streams/memory.py", line 124, in receive
    return receiver.item
           └ MemoryObjectItemReceiver(task_info=AsyncIOTaskInfo(id=135290441300864, name='Task-4'), item=None)

AttributeError: 'MemoryObjectItemReceiver' object has no attribute 'item'


During handling of the above exception, another exception occurred:


Traceback (most recent call last):

  File "/home/liujx/miniconda3/envs/py311/lib/python3.11/site-packages/starlette/middleware/base.py", line 151, in call_next
    message = await recv_stream.receive()
                    │           └ <function MemoryObjectReceiveStream.receive at 0x7b0bc381dda0>
                    └ MemoryObjectReceiveStream(_state=MemoryObjectStreamState(max_buffer_size=0, buffer=deque([]), open_send_channels=0, open_rece...
  File "/home/liujx/miniconda3/envs/py311/lib/python3.11/site-packages/anyio/streams/memory.py", line 126, in receive
    raise EndOfStream
          └ <class 'anyio.EndOfStream'>

anyio.EndOfStream


During handling of the above exception, another exception occurred:


Traceback (most recent call last):

  File "<string>", line 1, in <module>
  File "/home/liujx/miniconda3/envs/py311/lib/python3.11/multiprocessing/spawn.py", line 120, in spawn_main
    exitcode = _main(fd, parent_sentinel)
               │     │   └ 4
               │     └ 7
               └ <function _main at 0x7b0bc4fea700>
  File "/home/liujx/miniconda3/envs/py311/lib/python3.11/multiprocessing/spawn.py", line 133, in _main
    return self._bootstrap(parent_sentinel)
           │    │          └ 4
           │    └ <function BaseProcess._bootstrap at 0x7b0bc50fca40>
           └ <SpawnProcess name='SpawnProcess-9' parent=129484 started>
  File "/home/liujx/miniconda3/envs/py311/lib/python3.11/multiprocessing/process.py", line 314, in _bootstrap
    self.run()
    │    └ <function BaseProcess.run at 0x7b0bc50f3f60>
    └ <SpawnProcess name='SpawnProcess-9' parent=129484 started>
  File "/home/liujx/miniconda3/envs/py311/lib/python3.11/multiprocessing/process.py", line 108, in run
    self._target(*self._args, **self._kwargs)
    │    │        │    │        │    └ {'config': <uvicorn.config.Config object at 0x7b0bc45adb50>, 'target': <bound method Server.run of <uvicorn.server.Server obj...
    │    │        │    │        └ <SpawnProcess name='SpawnProcess-9' parent=129484 started>
    │    │        │    └ ()
    │    │        └ <SpawnProcess name='SpawnProcess-9' parent=129484 started>
    │    └ <function subprocess_started at 0x7b0bc4417a60>
    └ <SpawnProcess name='SpawnProcess-9' parent=129484 started>
  File "/home/liujx/miniconda3/envs/py311/lib/python3.11/site-packages/uvicorn/_subprocess.py", line 80, in subprocess_started
    target(sockets=sockets)
    │              └ [<socket.socket fd=3, family=2, type=1, proto=0, laddr=('0.0.0.0', 8000)>]
    └ <bound method Server.run of <uvicorn.server.Server object at 0x7b0bc449dc50>>
  File "/home/liujx/miniconda3/envs/py311/lib/python3.11/site-packages/uvicorn/server.py", line 67, in run
    return asyncio.run(self.serve(sockets=sockets))
           │       │   │    │             └ [<socket.socket fd=3, family=2, type=1, proto=0, laddr=('0.0.0.0', 8000)>]
           │       │   │    └ <function Server.serve at 0x7b0bc4416700>
           │       │   └ <uvicorn.server.Server object at 0x7b0bc449dc50>
           │       └ <function run at 0x7b0bc470bd80>
           └ <module 'asyncio' from '/home/liujx/miniconda3/envs/py311/lib/python3.11/asyncio/__init__.py'>
  File "/home/liujx/miniconda3/envs/py311/lib/python3.11/asyncio/runners.py", line 190, in run
    return runner.run(main)
           │      │   └ <coroutine object Server.serve at 0x7b0bc4452890>
           │      └ <function Runner.run at 0x7b0bc477ff60>
           └ <asyncio.runners.Runner object at 0x7b0bc51fdf50>
  File "/home/liujx/miniconda3/envs/py311/lib/python3.11/asyncio/runners.py", line 118, in run
    return self._loop.run_until_complete(task)
           │    │     │                  └ <Task pending name='Task-1' coro=<Server.serve() running at /home/liujx/miniconda3/envs/py311/lib/python3.11/site-packages/uv...
           │    │     └ <function BaseEventLoop.run_until_complete at 0x7b0bc477db20>
           │    └ <_UnixSelectorEventLoop running=True closed=False debug=False>
           └ <asyncio.runners.Runner object at 0x7b0bc51fdf50>
  File "/home/liujx/miniconda3/envs/py311/lib/python3.11/asyncio/base_events.py", line 637, in run_until_complete
    self.run_forever()
    │    └ <function BaseEventLoop.run_forever at 0x7b0bc477da80>
    └ <_UnixSelectorEventLoop running=True closed=False debug=False>
  File "/home/liujx/miniconda3/envs/py311/lib/python3.11/asyncio/base_events.py", line 604, in run_forever
    self._run_once()
    │    └ <function BaseEventLoop._run_once at 0x7b0bc477f880>
    └ <_UnixSelectorEventLoop running=True closed=False debug=False>
  File "/home/liujx/miniconda3/envs/py311/lib/python3.11/asyncio/base_events.py", line 1909, in _run_once
    handle._run()
    │      └ <function Handle._run at 0x7b0bc47207c0>
    └ <Handle Task.task_wakeup(<Future finished result=True>)>
  File "/home/liujx/miniconda3/envs/py311/lib/python3.11/asyncio/events.py", line 80, in _run
    self._context.run(self._callback, *self._args)
    │    │            │    │           │    └ <member '_args' of 'Handle' objects>
    │    │            │    │           └ <Handle Task.task_wakeup(<Future finished result=True>)>
    │    │            │    └ <member '_callback' of 'Handle' objects>
    │    │            └ <Handle Task.task_wakeup(<Future finished result=True>)>
    │    └ <member '_context' of 'Handle' objects>
    └ <Handle Task.task_wakeup(<Future finished result=True>)>
  File "/home/liujx/miniconda3/envs/py311/lib/python3.11/site-packages/uvicorn/protocols/http/h11_impl.py", line 403, in run_asgi
    result = await app(  # type: ignore[func-returns-value]
                   └ <uvicorn.middleware.proxy_headers.ProxyHeadersMiddleware object at 0x7b0bc2daa650>
  File "/home/liujx/miniconda3/envs/py311/lib/python3.11/site-packages/uvicorn/middleware/proxy_headers.py", line 60, in __call__
    return await self.app(scope, receive, send)
                 │    │   │      │        └ <bound method RequestResponseCycle.send of <uvicorn.protocols.http.h11_impl.RequestResponseCycle object at 0x7b0bc194cb90>>
                 │    │   │      └ <bound method RequestResponseCycle.receive of <uvicorn.protocols.http.h11_impl.RequestResponseCycle object at 0x7b0bc194cb90>>
                 │    │   └ {'type': 'http', 'asgi': {'version': '3.0', 'spec_version': '2.3'}, 'http_version': '1.1', 'server': ('11.11.11.45', 8000), '...
                 │    └ <fastapi.applications.FastAPI object at 0x7b0bc34a3f90>
                 └ <uvicorn.middleware.proxy_headers.ProxyHeadersMiddleware object at 0x7b0bc2daa650>
  File "/home/liujx/miniconda3/envs/py311/lib/python3.11/site-packages/fastapi/applications.py", line 1054, in __call__
    await super().__call__(scope, receive, send)
                           │      │        └ <bound method RequestResponseCycle.send of <uvicorn.protocols.http.h11_impl.RequestResponseCycle object at 0x7b0bc194cb90>>
                           │      └ <bound method RequestResponseCycle.receive of <uvicorn.protocols.http.h11_impl.RequestResponseCycle object at 0x7b0bc194cb90>>
                           └ {'type': 'http', 'asgi': {'version': '3.0', 'spec_version': '2.3'}, 'http_version': '1.1', 'server': ('11.11.11.45', 8000), '...
  File "/home/liujx/miniconda3/envs/py311/lib/python3.11/site-packages/starlette/applications.py", line 113, in __call__
    await self.middleware_stack(scope, receive, send)
          │    │                │      │        └ <bound method RequestResponseCycle.send of <uvicorn.protocols.http.h11_impl.RequestResponseCycle object at 0x7b0bc194cb90>>
          │    │                │      └ <bound method RequestResponseCycle.receive of <uvicorn.protocols.http.h11_impl.RequestResponseCycle object at 0x7b0bc194cb90>>
          │    │                └ {'type': 'http', 'asgi': {'version': '3.0', 'spec_version': '2.3'}, 'http_version': '1.1', 'server': ('11.11.11.45', 8000), '...
          │    └ <starlette.middleware.errors.ServerErrorMiddleware object at 0x7b0bc2bee110>
          └ <fastapi.applications.FastAPI object at 0x7b0bc34a3f90>
  File "/home/liujx/miniconda3/envs/py311/lib/python3.11/site-packages/starlette/middleware/errors.py", line 164, in __call__
    await self.app(scope, receive, _send)
          │    │   │      │        └ <function ServerErrorMiddleware.__call__.<locals>._send at 0x7b0bc448bce0>
          │    │   │      └ <bound method RequestResponseCycle.receive of <uvicorn.protocols.http.h11_impl.RequestResponseCycle object at 0x7b0bc194cb90>>
          │    │   └ {'type': 'http', 'asgi': {'version': '3.0', 'spec_version': '2.3'}, 'http_version': '1.1', 'server': ('11.11.11.45', 8000), '...
          │    └ <starlette.middleware.base.BaseHTTPMiddleware object at 0x7b0bc2bbdd50>
          └ <starlette.middleware.errors.ServerErrorMiddleware object at 0x7b0bc2bee110>
  File "/home/liujx/miniconda3/envs/py311/lib/python3.11/site-packages/starlette/middleware/base.py", line 184, in __call__
    response = await self.dispatch_func(request, call_next)
                     │    │             │        └ <function BaseHTTPMiddleware.__call__.<locals>.call_next at 0x7b0bc1949760>
                     │    │             └ <starlette.middleware.base._CachedRequest object at 0x7b0bc19370d0>
                     │    └ <function log_middleware at 0x7b0bc41e1800>
                     └ <starlette.middleware.base.BaseHTTPMiddleware object at 0x7b0bc2bbdd50>

> File "/home/liujx/PROJ/taolele/user_api/hooks/middlewares.py", line 7, in log_middleware
    response = await call_next(request)
                     │         └ <starlette.middleware.base._CachedRequest object at 0x7b0bc19370d0>
                     └ <function BaseHTTPMiddleware.__call__.<locals>.call_next at 0x7b0bc1949760>

  File "/home/liujx/miniconda3/envs/py311/lib/python3.11/site-packages/starlette/middleware/base.py", line 159, in call_next
    raise app_exc
          └ AttributeError("'UnaryUnaryCall' object has no attribute 'user'")
  File "/home/liujx/miniconda3/envs/py311/lib/python3.11/site-packages/starlette/middleware/base.py", line 144, in coro
    await self.app(scope, receive_or_disconnect, send_no_error)
          │    │   │      │                      └ <function BaseHTTPMiddleware.__call__.<locals>.call_next.<locals>.send_no_error at 0x7b0bc1913d80>
          │    │   │      └ <function BaseHTTPMiddleware.__call__.<locals>.call_next.<locals>.receive_or_disconnect at 0x7b0bc1913c40>
          │    │   └ {'type': 'http', 'asgi': {'version': '3.0', 'spec_version': '2.3'}, 'http_version': '1.1', 'server': ('11.11.11.45', 8000), '...
          │    └ <starlette.middleware.exceptions.ExceptionMiddleware object at 0x7b0bc2cc2c50>
          └ <starlette.middleware.base.BaseHTTPMiddleware object at 0x7b0bc2bbdd50>
  File "/home/liujx/miniconda3/envs/py311/lib/python3.11/site-packages/starlette/middleware/exceptions.py", line 63, in __call__
    await wrap_app_handling_exceptions(self.app, conn)(scope, receive, send)
          │                            │    │    │     │      │        └ <function BaseHTTPMiddleware.__call__.<locals>.call_next.<locals>.send_no_error at 0x7b0bc1913d80>
          │                            │    │    │     │      └ <function BaseHTTPMiddleware.__call__.<locals>.call_next.<locals>.receive_or_disconnect at 0x7b0bc1913c40>
          │                            │    │    │     └ {'type': 'http', 'asgi': {'version': '3.0', 'spec_version': '2.3'}, 'http_version': '1.1', 'server': ('11.11.11.45', 8000), '...
          │                            │    │    └ <starlette.requests.Request object at 0x7b0bc194cd90>
          │                            │    └ <fastapi.routing.APIRouter object at 0x7b0bc3518910>
          │                            └ <starlette.middleware.exceptions.ExceptionMiddleware object at 0x7b0bc2cc2c50>
          └ <function wrap_app_handling_exceptions at 0x7b0bc35eb7e0>
  File "/home/liujx/miniconda3/envs/py311/lib/python3.11/site-packages/starlette/_exception_handler.py", line 53, in wrapped_app
    raise exc
  File "/home/liujx/miniconda3/envs/py311/lib/python3.11/site-packages/starlette/_exception_handler.py", line 42, in wrapped_app
    await app(scope, receive, sender)
          │   │      │        └ <function wrap_app_handling_exceptions.<locals>.wrapped_app.<locals>.sender at 0x7b0bc199a980>
          │   │      └ <function BaseHTTPMiddleware.__call__.<locals>.call_next.<locals>.receive_or_disconnect at 0x7b0bc1913c40>
          │   └ {'type': 'http', 'asgi': {'version': '3.0', 'spec_version': '2.3'}, 'http_version': '1.1', 'server': ('11.11.11.45', 8000), '...
          └ <fastapi.routing.APIRouter object at 0x7b0bc3518910>
  File "/home/liujx/miniconda3/envs/py311/lib/python3.11/site-packages/starlette/routing.py", line 716, in __call__
    await self.middleware_stack(scope, receive, send)
          │    │                │      │        └ <function wrap_app_handling_exceptions.<locals>.wrapped_app.<locals>.sender at 0x7b0bc199a980>
          │    │                │      └ <function BaseHTTPMiddleware.__call__.<locals>.call_next.<locals>.receive_or_disconnect at 0x7b0bc1913c40>
          │    │                └ {'type': 'http', 'asgi': {'version': '3.0', 'spec_version': '2.3'}, 'http_version': '1.1', 'server': ('11.11.11.45', 8000), '...
          │    └ <bound method Router.app of <fastapi.routing.APIRouter object at 0x7b0bc3518910>>
          └ <fastapi.routing.APIRouter object at 0x7b0bc3518910>
  File "/home/liujx/miniconda3/envs/py311/lib/python3.11/site-packages/starlette/routing.py", line 736, in app
    await route.handle(scope, receive, send)
          │     │      │      │        └ <function wrap_app_handling_exceptions.<locals>.wrapped_app.<locals>.sender at 0x7b0bc199a980>
          │     │      │      └ <function BaseHTTPMiddleware.__call__.<locals>.call_next.<locals>.receive_or_disconnect at 0x7b0bc1913c40>
          │     │      └ {'type': 'http', 'asgi': {'version': '3.0', 'spec_version': '2.3'}, 'http_version': '1.1', 'server': ('11.11.11.45', 8000), '...
          │     └ <function Route.handle at 0x7b0bc360ce00>
          └ APIRoute(path='/user/login', name='login', methods=['POST'])
  File "/home/liujx/miniconda3/envs/py311/lib/python3.11/site-packages/starlette/routing.py", line 290, in handle
    await self.app(scope, receive, send)
          │    │   │      │        └ <function wrap_app_handling_exceptions.<locals>.wrapped_app.<locals>.sender at 0x7b0bc199a980>
          │    │   │      └ <function BaseHTTPMiddleware.__call__.<locals>.call_next.<locals>.receive_or_disconnect at 0x7b0bc1913c40>
          │    │   └ {'type': 'http', 'asgi': {'version': '3.0', 'spec_version': '2.3'}, 'http_version': '1.1', 'server': ('11.11.11.45', 8000), '...
          │    └ <function request_response.<locals>.app at 0x7b0bc192a340>
          └ APIRoute(path='/user/login', name='login', methods=['POST'])
  File "/home/liujx/miniconda3/envs/py311/lib/python3.11/site-packages/starlette/routing.py", line 78, in app
    await wrap_app_handling_exceptions(app, request)(scope, receive, send)
          │                            │    │        │      │        └ <function wrap_app_handling_exceptions.<locals>.wrapped_app.<locals>.sender at 0x7b0bc199a980>
          │                            │    │        │      └ <function BaseHTTPMiddleware.__call__.<locals>.call_next.<locals>.receive_or_disconnect at 0x7b0bc1913c40>
          │                            │    │        └ {'type': 'http', 'asgi': {'version': '3.0', 'spec_version': '2.3'}, 'http_version': '1.1', 'server': ('11.11.11.45', 8000), '...
          │                            │    └ <starlette.requests.Request object at 0x7b0bc194d610>
          │                            └ <function request_response.<locals>.app.<locals>.app at 0x7b0bc199aa20>
          └ <function wrap_app_handling_exceptions at 0x7b0bc35eb7e0>
  File "/home/liujx/miniconda3/envs/py311/lib/python3.11/site-packages/starlette/_exception_handler.py", line 53, in wrapped_app
    raise exc
  File "/home/liujx/miniconda3/envs/py311/lib/python3.11/site-packages/starlette/_exception_handler.py", line 42, in wrapped_app
    await app(scope, receive, sender)
          │   │      │        └ <function wrap_app_handling_exceptions.<locals>.wrapped_app.<locals>.sender at 0x7b0bc199ab60>
          │   │      └ <function BaseHTTPMiddleware.__call__.<locals>.call_next.<locals>.receive_or_disconnect at 0x7b0bc1913c40>
          │   └ {'type': 'http', 'asgi': {'version': '3.0', 'spec_version': '2.3'}, 'http_version': '1.1', 'server': ('11.11.11.45', 8000), '...
          └ <function request_response.<locals>.app.<locals>.app at 0x7b0bc199aa20>
  File "/home/liujx/miniconda3/envs/py311/lib/python3.11/site-packages/starlette/routing.py", line 75, in app
    response = await f(request)
                     │ └ <starlette.requests.Request object at 0x7b0bc194d610>
                     └ <function get_request_handler.<locals>.app at 0x7b0bc192a2a0>
  File "/home/liujx/miniconda3/envs/py311/lib/python3.11/site-packages/fastapi/routing.py", line 302, in app
    raw_response = await run_endpoint_function(
                         └ <function run_endpoint_function at 0x7b0bc360c900>
  File "/home/liujx/miniconda3/envs/py311/lib/python3.11/site-packages/fastapi/routing.py", line 213, in run_endpoint_function
    return await dependant.call(**values)
                 │         │      └ {'data': LoginModel(mobile='13870429866', code='4819')}
                 │         └ <function login at 0x7b0bc1928680>
                 └ Dependant(path_params=[], query_params=[], header_params=[], cookie_params=[], body_params=[ModelField(field_info=Body(Pydant...

  File "/home/liujx/PROJ/taolele/user_api/routers/user.py", line 48, in login
    user = response.user
           └ <_AioCall of RPC that terminated with:
             	status = Locally cancelled by application!
             	details = "StatusCode.CANCELLED"
             	debug_e...

AttributeError: 'UnaryUnaryCall' object has no attribute 'user'
2025-08-04 11:20:00.661 | ERROR    | hooks.middlewares:log_middleware:11 - 发送异常了：
Traceback (most recent call last):

  File "/home/liujx/miniconda3/envs/py311/lib/python3.11/site-packages/anyio/streams/memory.py", line 111, in receive
    return self.receive_nowait()
           │    └ <function MemoryObjectReceiveStream.receive_nowait at 0x7272b8681d00>
           └ MemoryObjectReceiveStream(_state=MemoryObjectStreamState(max_buffer_size=0, buffer=deque([]), open_send_channels=0, open_rece...
  File "/home/liujx/miniconda3/envs/py311/lib/python3.11/site-packages/anyio/streams/memory.py", line 106, in receive_nowait
    raise WouldBlock
          └ <class 'anyio.WouldBlock'>

anyio.WouldBlock


During handling of the above exception, another exception occurred:


Traceback (most recent call last):

  File "/home/liujx/miniconda3/envs/py311/lib/python3.11/site-packages/anyio/streams/memory.py", line 124, in receive
    return receiver.item
           └ MemoryObjectItemReceiver(task_info=AsyncIOTaskInfo(id=125837030112128, name='Task-4'), item=None)

AttributeError: 'MemoryObjectItemReceiver' object has no attribute 'item'


During handling of the above exception, another exception occurred:


Traceback (most recent call last):

  File "/home/liujx/miniconda3/envs/py311/lib/python3.11/site-packages/starlette/middleware/base.py", line 151, in call_next
    message = await recv_stream.receive()
                    │           └ <function MemoryObjectReceiveStream.receive at 0x7272b8681da0>
                    └ MemoryObjectReceiveStream(_state=MemoryObjectStreamState(max_buffer_size=0, buffer=deque([]), open_send_channels=0, open_rece...
  File "/home/liujx/miniconda3/envs/py311/lib/python3.11/site-packages/anyio/streams/memory.py", line 126, in receive
    raise EndOfStream
          └ <class 'anyio.EndOfStream'>

anyio.EndOfStream


During handling of the above exception, another exception occurred:


Traceback (most recent call last):

  File "<string>", line 1, in <module>
  File "/home/liujx/miniconda3/envs/py311/lib/python3.11/multiprocessing/spawn.py", line 120, in spawn_main
    exitcode = _main(fd, parent_sentinel)
               │     │   └ 4
               │     └ 7
               └ <function _main at 0x7272b9f36700>
  File "/home/liujx/miniconda3/envs/py311/lib/python3.11/multiprocessing/spawn.py", line 133, in _main
    return self._bootstrap(parent_sentinel)
           │    │          └ 4
           │    └ <function BaseProcess._bootstrap at 0x7272b9e48a40>
           └ <SpawnProcess name='SpawnProcess-10' parent=129484 started>
  File "/home/liujx/miniconda3/envs/py311/lib/python3.11/multiprocessing/process.py", line 314, in _bootstrap
    self.run()
    │    └ <function BaseProcess.run at 0x7272ba03bf60>
    └ <SpawnProcess name='SpawnProcess-10' parent=129484 started>
  File "/home/liujx/miniconda3/envs/py311/lib/python3.11/multiprocessing/process.py", line 108, in run
    self._target(*self._args, **self._kwargs)
    │    │        │    │        │    └ {'config': <uvicorn.config.Config object at 0x7272b9ce7510>, 'target': <bound method Server.run of <uvicorn.server.Server obj...
    │    │        │    │        └ <SpawnProcess name='SpawnProcess-10' parent=129484 started>
    │    │        │    └ ()
    │    │        └ <SpawnProcess name='SpawnProcess-10' parent=129484 started>
    │    └ <function subprocess_started at 0x7272b9323a60>
    └ <SpawnProcess name='SpawnProcess-10' parent=129484 started>
  File "/home/liujx/miniconda3/envs/py311/lib/python3.11/site-packages/uvicorn/_subprocess.py", line 80, in subprocess_started
    target(sockets=sockets)
    │              └ [<socket.socket fd=3, family=2, type=1, proto=0, laddr=('0.0.0.0', 8000)>]
    └ <bound method Server.run of <uvicorn.server.Server object at 0x7272b93aa150>>
  File "/home/liujx/miniconda3/envs/py311/lib/python3.11/site-packages/uvicorn/server.py", line 67, in run
    return asyncio.run(self.serve(sockets=sockets))
           │       │   │    │             └ [<socket.socket fd=3, family=2, type=1, proto=0, laddr=('0.0.0.0', 8000)>]
           │       │   │    └ <function Server.serve at 0x7272b9322700>
           │       │   └ <uvicorn.server.Server object at 0x7272b93aa150>
           │       └ <function run at 0x7272b9993d80>
           └ <module 'asyncio' from '/home/liujx/miniconda3/envs/py311/lib/python3.11/asyncio/__init__.py'>
  File "/home/liujx/miniconda3/envs/py311/lib/python3.11/asyncio/runners.py", line 190, in run
    return runner.run(main)
           │      │   └ <coroutine object Server.serve at 0x7272b9362890>
           │      └ <function Runner.run at 0x7272b9a07f60>
           └ <asyncio.runners.Runner object at 0x7272b939c190>
  File "/home/liujx/miniconda3/envs/py311/lib/python3.11/asyncio/runners.py", line 118, in run
    return self._loop.run_until_complete(task)
           │    │     │                  └ <Task pending name='Task-1' coro=<Server.serve() running at /home/liujx/miniconda3/envs/py311/lib/python3.11/site-packages/uv...
           │    │     └ <function BaseEventLoop.run_until_complete at 0x7272b9a05b20>
           │    └ <_UnixSelectorEventLoop running=True closed=False debug=False>
           └ <asyncio.runners.Runner object at 0x7272b939c190>
  File "/home/liujx/miniconda3/envs/py311/lib/python3.11/asyncio/base_events.py", line 637, in run_until_complete
    self.run_forever()
    │    └ <function BaseEventLoop.run_forever at 0x7272b9a05a80>
    └ <_UnixSelectorEventLoop running=True closed=False debug=False>
  File "/home/liujx/miniconda3/envs/py311/lib/python3.11/asyncio/base_events.py", line 604, in run_forever
    self._run_once()
    │    └ <function BaseEventLoop._run_once at 0x7272b9a07880>
    └ <_UnixSelectorEventLoop running=True closed=False debug=False>
  File "/home/liujx/miniconda3/envs/py311/lib/python3.11/asyncio/base_events.py", line 1909, in _run_once
    handle._run()
    │      └ <function Handle._run at 0x7272b99a87c0>
    └ <Handle Task.task_wakeup(<Future finished result=True>)>
  File "/home/liujx/miniconda3/envs/py311/lib/python3.11/asyncio/events.py", line 80, in _run
    self._context.run(self._callback, *self._args)
    │    │            │    │           │    └ <member '_args' of 'Handle' objects>
    │    │            │    │           └ <Handle Task.task_wakeup(<Future finished result=True>)>
    │    │            │    └ <member '_callback' of 'Handle' objects>
    │    │            └ <Handle Task.task_wakeup(<Future finished result=True>)>
    │    └ <member '_context' of 'Handle' objects>
    └ <Handle Task.task_wakeup(<Future finished result=True>)>
  File "/home/liujx/miniconda3/envs/py311/lib/python3.11/site-packages/uvicorn/protocols/http/h11_impl.py", line 403, in run_asgi
    result = await app(  # type: ignore[func-returns-value]
                   └ <uvicorn.middleware.proxy_headers.ProxyHeadersMiddleware object at 0x7272b7cc0210>
  File "/home/liujx/miniconda3/envs/py311/lib/python3.11/site-packages/uvicorn/middleware/proxy_headers.py", line 60, in __call__
    return await self.app(scope, receive, send)
                 │    │   │      │        └ <bound method RequestResponseCycle.send of <uvicorn.protocols.http.h11_impl.RequestResponseCycle object at 0x7272b7634cd0>>
                 │    │   │      └ <bound method RequestResponseCycle.receive of <uvicorn.protocols.http.h11_impl.RequestResponseCycle object at 0x7272b7634cd0>>
                 │    │   └ {'type': 'http', 'asgi': {'version': '3.0', 'spec_version': '2.3'}, 'http_version': '1.1', 'server': ('11.11.11.45', 8000), '...
                 │    └ <fastapi.applications.FastAPI object at 0x7272b90e8b90>
                 └ <uvicorn.middleware.proxy_headers.ProxyHeadersMiddleware object at 0x7272b7cc0210>
  File "/home/liujx/miniconda3/envs/py311/lib/python3.11/site-packages/fastapi/applications.py", line 1054, in __call__
    await super().__call__(scope, receive, send)
                           │      │        └ <bound method RequestResponseCycle.send of <uvicorn.protocols.http.h11_impl.RequestResponseCycle object at 0x7272b7634cd0>>
                           │      └ <bound method RequestResponseCycle.receive of <uvicorn.protocols.http.h11_impl.RequestResponseCycle object at 0x7272b7634cd0>>
                           └ {'type': 'http', 'asgi': {'version': '3.0', 'spec_version': '2.3'}, 'http_version': '1.1', 'server': ('11.11.11.45', 8000), '...
  File "/home/liujx/miniconda3/envs/py311/lib/python3.11/site-packages/starlette/applications.py", line 113, in __call__
    await self.middleware_stack(scope, receive, send)
          │    │                │      │        └ <bound method RequestResponseCycle.send of <uvicorn.protocols.http.h11_impl.RequestResponseCycle object at 0x7272b7634cd0>>
          │    │                │      └ <bound method RequestResponseCycle.receive of <uvicorn.protocols.http.h11_impl.RequestResponseCycle object at 0x7272b7634cd0>>
          │    │                └ {'type': 'http', 'asgi': {'version': '3.0', 'spec_version': '2.3'}, 'http_version': '1.1', 'server': ('11.11.11.45', 8000), '...
          │    └ <starlette.middleware.errors.ServerErrorMiddleware object at 0x7272b7ef7910>
          └ <fastapi.applications.FastAPI object at 0x7272b90e8b90>
  File "/home/liujx/miniconda3/envs/py311/lib/python3.11/site-packages/starlette/middleware/errors.py", line 164, in __call__
    await self.app(scope, receive, _send)
          │    │   │      │        └ <function ServerErrorMiddleware.__call__.<locals>._send at 0x7272b77fbc40>
          │    │   │      └ <bound method RequestResponseCycle.receive of <uvicorn.protocols.http.h11_impl.RequestResponseCycle object at 0x7272b7634cd0>>
          │    │   └ {'type': 'http', 'asgi': {'version': '3.0', 'spec_version': '2.3'}, 'http_version': '1.1', 'server': ('11.11.11.45', 8000), '...
          │    └ <starlette.middleware.base.BaseHTTPMiddleware object at 0x7272b854f350>
          └ <starlette.middleware.errors.ServerErrorMiddleware object at 0x7272b7ef7910>
  File "/home/liujx/miniconda3/envs/py311/lib/python3.11/site-packages/starlette/middleware/base.py", line 184, in __call__
    response = await self.dispatch_func(request, call_next)
                     │    │             │        └ <function BaseHTTPMiddleware.__call__.<locals>.call_next at 0x7272b7631760>
                     │    │             └ <starlette.middleware.base._CachedRequest object at 0x7272b7634e90>
                     │    └ <function log_middleware at 0x7272b90e1800>
                     └ <starlette.middleware.base.BaseHTTPMiddleware object at 0x7272b854f350>

> File "/home/liujx/PROJ/taolele/user_api/hooks/middlewares.py", line 7, in log_middleware
    response = await call_next(request)
                     │         └ <starlette.middleware.base._CachedRequest object at 0x7272b7634e90>
                     └ <function BaseHTTPMiddleware.__call__.<locals>.call_next at 0x7272b7631760>

  File "/home/liujx/miniconda3/envs/py311/lib/python3.11/site-packages/starlette/middleware/base.py", line 159, in call_next
    raise app_exc
          └ <AioRpcError of RPC that terminated with:
            	status = StatusCode.UNAVAILABLE
            	details = "failed to connect to all addresses; la...
  File "/home/liujx/miniconda3/envs/py311/lib/python3.11/site-packages/starlette/middleware/base.py", line 144, in coro
    await self.app(scope, receive_or_disconnect, send_no_error)
          │    │   │      │                      └ <function BaseHTTPMiddleware.__call__.<locals>.call_next.<locals>.send_no_error at 0x7272b77fbe20>
          │    │   │      └ <function BaseHTTPMiddleware.__call__.<locals>.call_next.<locals>.receive_or_disconnect at 0x7272b77fbba0>
          │    │   └ {'type': 'http', 'asgi': {'version': '3.0', 'spec_version': '2.3'}, 'http_version': '1.1', 'server': ('11.11.11.45', 8000), '...
          │    └ <starlette.middleware.exceptions.ExceptionMiddleware object at 0x7272b7b7e6d0>
          └ <starlette.middleware.base.BaseHTTPMiddleware object at 0x7272b854f350>
  File "/home/liujx/miniconda3/envs/py311/lib/python3.11/site-packages/starlette/middleware/exceptions.py", line 63, in __call__
    await wrap_app_handling_exceptions(self.app, conn)(scope, receive, send)
          │                            │    │    │     │      │        └ <function BaseHTTPMiddleware.__call__.<locals>.call_next.<locals>.send_no_error at 0x7272b77fbe20>
          │                            │    │    │     │      └ <function BaseHTTPMiddleware.__call__.<locals>.call_next.<locals>.receive_or_disconnect at 0x7272b77fbba0>
          │                            │    │    │     └ {'type': 'http', 'asgi': {'version': '3.0', 'spec_version': '2.3'}, 'http_version': '1.1', 'server': ('11.11.11.45', 8000), '...
          │                            │    │    └ <starlette.requests.Request object at 0x7272b90bb1d0>
          │                            │    └ <fastapi.routing.APIRouter object at 0x7272b90e8c10>
          │                            └ <starlette.middleware.exceptions.ExceptionMiddleware object at 0x7272b7b7e6d0>
          └ <function wrap_app_handling_exceptions at 0x7272b84b77e0>
  File "/home/liujx/miniconda3/envs/py311/lib/python3.11/site-packages/starlette/_exception_handler.py", line 53, in wrapped_app
    raise exc
  File "/home/liujx/miniconda3/envs/py311/lib/python3.11/site-packages/starlette/_exception_handler.py", line 42, in wrapped_app
    await app(scope, receive, sender)
          │   │      │        └ <function wrap_app_handling_exceptions.<locals>.wrapped_app.<locals>.sender at 0x7272b7682980>
          │   │      └ <function BaseHTTPMiddleware.__call__.<locals>.call_next.<locals>.receive_or_disconnect at 0x7272b77fbba0>
          │   └ {'type': 'http', 'asgi': {'version': '3.0', 'spec_version': '2.3'}, 'http_version': '1.1', 'server': ('11.11.11.45', 8000), '...
          └ <fastapi.routing.APIRouter object at 0x7272b90e8c10>
  File "/home/liujx/miniconda3/envs/py311/lib/python3.11/site-packages/starlette/routing.py", line 716, in __call__
    await self.middleware_stack(scope, receive, send)
          │    │                │      │        └ <function wrap_app_handling_exceptions.<locals>.wrapped_app.<locals>.sender at 0x7272b7682980>
          │    │                │      └ <function BaseHTTPMiddleware.__call__.<locals>.call_next.<locals>.receive_or_disconnect at 0x7272b77fbba0>
          │    │                └ {'type': 'http', 'asgi': {'version': '3.0', 'spec_version': '2.3'}, 'http_version': '1.1', 'server': ('11.11.11.45', 8000), '...
          │    └ <bound method Router.app of <fastapi.routing.APIRouter object at 0x7272b90e8c10>>
          └ <fastapi.routing.APIRouter object at 0x7272b90e8c10>
  File "/home/liujx/miniconda3/envs/py311/lib/python3.11/site-packages/starlette/routing.py", line 736, in app
    await route.handle(scope, receive, send)
          │     │      │      │        └ <function wrap_app_handling_exceptions.<locals>.wrapped_app.<locals>.sender at 0x7272b7682980>
          │     │      │      └ <function BaseHTTPMiddleware.__call__.<locals>.call_next.<locals>.receive_or_disconnect at 0x7272b77fbba0>
          │     │      └ {'type': 'http', 'asgi': {'version': '3.0', 'spec_version': '2.3'}, 'http_version': '1.1', 'server': ('11.11.11.45', 8000), '...
          │     └ <function Route.handle at 0x7272b84dce00>
          └ APIRoute(path='/user/login', name='login', methods=['POST'])
  File "/home/liujx/miniconda3/envs/py311/lib/python3.11/site-packages/starlette/routing.py", line 290, in handle
    await self.app(scope, receive, send)
          │    │   │      │        └ <function wrap_app_handling_exceptions.<locals>.wrapped_app.<locals>.sender at 0x7272b7682980>
          │    │   │      └ <function BaseHTTPMiddleware.__call__.<locals>.call_next.<locals>.receive_or_disconnect at 0x7272b77fbba0>
          │    │   └ {'type': 'http', 'asgi': {'version': '3.0', 'spec_version': '2.3'}, 'http_version': '1.1', 'server': ('11.11.11.45', 8000), '...
          │    └ <function request_response.<locals>.app at 0x7272b7612340>
          └ APIRoute(path='/user/login', name='login', methods=['POST'])
  File "/home/liujx/miniconda3/envs/py311/lib/python3.11/site-packages/starlette/routing.py", line 78, in app
    await wrap_app_handling_exceptions(app, request)(scope, receive, send)
          │                            │    │        │      │        └ <function wrap_app_handling_exceptions.<locals>.wrapped_app.<locals>.sender at 0x7272b7682980>
          │                            │    │        │      └ <function BaseHTTPMiddleware.__call__.<locals>.call_next.<locals>.receive_or_disconnect at 0x7272b77fbba0>
          │                            │    │        └ {'type': 'http', 'asgi': {'version': '3.0', 'spec_version': '2.3'}, 'http_version': '1.1', 'server': ('11.11.11.45', 8000), '...
          │                            │    └ <starlette.requests.Request object at 0x7272b7634f90>
          │                            └ <function request_response.<locals>.app.<locals>.app at 0x7272b7682a20>
          └ <function wrap_app_handling_exceptions at 0x7272b84b77e0>
  File "/home/liujx/miniconda3/envs/py311/lib/python3.11/site-packages/starlette/_exception_handler.py", line 53, in wrapped_app
    raise exc
  File "/home/liujx/miniconda3/envs/py311/lib/python3.11/site-packages/starlette/_exception_handler.py", line 42, in wrapped_app
    await app(scope, receive, sender)
          │   │      │        └ <function wrap_app_handling_exceptions.<locals>.wrapped_app.<locals>.sender at 0x7272b7682b60>
          │   │      └ <function BaseHTTPMiddleware.__call__.<locals>.call_next.<locals>.receive_or_disconnect at 0x7272b77fbba0>
          │   └ {'type': 'http', 'asgi': {'version': '3.0', 'spec_version': '2.3'}, 'http_version': '1.1', 'server': ('11.11.11.45', 8000), '...
          └ <function request_response.<locals>.app.<locals>.app at 0x7272b7682a20>
  File "/home/liujx/miniconda3/envs/py311/lib/python3.11/site-packages/starlette/routing.py", line 75, in app
    response = await f(request)
                     │ └ <starlette.requests.Request object at 0x7272b7634f90>
                     └ <function get_request_handler.<locals>.app at 0x7272b76122a0>
  File "/home/liujx/miniconda3/envs/py311/lib/python3.11/site-packages/fastapi/routing.py", line 302, in app
    raw_response = await run_endpoint_function(
                         └ <function run_endpoint_function at 0x7272b84dc900>
  File "/home/liujx/miniconda3/envs/py311/lib/python3.11/site-packages/fastapi/routing.py", line 213, in run_endpoint_function
    return await dependant.call(**values)
                 │         │      └ {'data': LoginModel(mobile='13870429866', code='4819')}
                 │         └ <function login at 0x7272b7610680>
                 └ Dependant(path_params=[], query_params=[], header_params=[], cookie_params=[], body_params=[ModelField(field_info=Body(Pydant...

  File "/home/liujx/PROJ/taolele/user_api/routers/user.py", line 47, in login
    response = await stub.GetOrCreateUserByMobile(request)
                     │    │                       └ mobile: "13870429866"
                     │    │                         
                     │    └ <grpc.aio._channel.UnaryUnaryMultiCallable object at 0x7272b76ac690>
                     └ <protos.user_pb2_grpc.UserStub object at 0x7272b76ac110>

  File "/home/liujx/miniconda3/envs/py311/lib/python3.11/site-packages/grpc/aio/_call.py", line 327, in __await__
    raise _create_rpc_error(
          └ <function _create_rpc_error at 0x7272b77c4d60>

grpc.aio._call.AioRpcError: <AioRpcError of RPC that terminated with:
	status = StatusCode.UNAVAILABLE
	details = "failed to connect to all addresses; last error: UNKNOWN: ipv4:172.0.0.1:5001: tcp handshaker shutdown"
	debug_error_string = "UNKNOWN:Error received from peer  {grpc_status:14, grpc_message:"failed to connect to all addresses; last error: UNKNOWN: ipv4:172.0.0.1:5001: tcp handshaker shutdown"}"
>
2025-08-04 21:35:19.554 | ERROR    | hooks.middlewares:log_middleware:11 - 发送异常了：
Traceback (most recent call last):

  File "/home/liujx/miniconda3/envs/py311/lib/python3.11/site-packages/anyio/streams/memory.py", line 111, in receive
    return self.receive_nowait()
           │    └ <function MemoryObjectReceiveStream.receive_nowait at 0x75cecd479d00>
           └ MemoryObjectReceiveStream(_state=MemoryObjectStreamState(max_buffer_size=0, buffer=deque([]), open_send_channels=0, open_rece...
  File "/home/liujx/miniconda3/envs/py311/lib/python3.11/site-packages/anyio/streams/memory.py", line 106, in receive_nowait
    raise WouldBlock
          └ <class 'anyio.WouldBlock'>

anyio.WouldBlock


During handling of the above exception, another exception occurred:


Traceback (most recent call last):

  File "/home/liujx/miniconda3/envs/py311/lib/python3.11/site-packages/anyio/streams/memory.py", line 124, in receive
    return receiver.item
           └ MemoryObjectItemReceiver(task_info=AsyncIOTaskInfo(id=129531051146496, name='Task-41'), item=None)

AttributeError: 'MemoryObjectItemReceiver' object has no attribute 'item'


During handling of the above exception, another exception occurred:


Traceback (most recent call last):

  File "/home/liujx/miniconda3/envs/py311/lib/python3.11/site-packages/starlette/middleware/base.py", line 151, in call_next
    message = await recv_stream.receive()
                    │           └ <function MemoryObjectReceiveStream.receive at 0x75cecd479da0>
                    └ MemoryObjectReceiveStream(_state=MemoryObjectStreamState(max_buffer_size=0, buffer=deque([]), open_send_channels=0, open_rece...
  File "/home/liujx/miniconda3/envs/py311/lib/python3.11/site-packages/anyio/streams/memory.py", line 126, in receive
    raise EndOfStream
          └ <class 'anyio.EndOfStream'>

anyio.EndOfStream


During handling of the above exception, another exception occurred:


Traceback (most recent call last):

  File "<string>", line 1, in <module>
  File "/home/liujx/miniconda3/envs/py311/lib/python3.11/multiprocessing/spawn.py", line 120, in spawn_main
    exitcode = _main(fd, parent_sentinel)
               │     │   └ 4
               │     └ 7
               └ <function _main at 0x75ceced56700>
  File "/home/liujx/miniconda3/envs/py311/lib/python3.11/multiprocessing/spawn.py", line 133, in _main
    return self._bootstrap(parent_sentinel)
           │    │          └ 4
           │    └ <function BaseProcess._bootstrap at 0x75cecec68a40>
           └ <SpawnProcess name='SpawnProcess-2' parent=690823 started>
  File "/home/liujx/miniconda3/envs/py311/lib/python3.11/multiprocessing/process.py", line 314, in _bootstrap
    self.run()
    │    └ <function BaseProcess.run at 0x75cecee5ff60>
    └ <SpawnProcess name='SpawnProcess-2' parent=690823 started>
  File "/home/liujx/miniconda3/envs/py311/lib/python3.11/multiprocessing/process.py", line 108, in run
    self._target(*self._args, **self._kwargs)
    │    │        │    │        │    └ {'config': <uvicorn.config.Config object at 0x75cece2c6150>, 'target': <bound method Server.run of <uvicorn.server.Server obj...
    │    │        │    │        └ <SpawnProcess name='SpawnProcess-2' parent=690823 started>
    │    │        │    └ ()
    │    │        └ <SpawnProcess name='SpawnProcess-2' parent=690823 started>
    │    └ <function subprocess_started at 0x75cece11fa60>
    └ <SpawnProcess name='SpawnProcess-2' parent=690823 started>
  File "/home/liujx/miniconda3/envs/py311/lib/python3.11/site-packages/uvicorn/_subprocess.py", line 80, in subprocess_started
    target(sockets=sockets)
    │              └ [<socket.socket fd=3, family=2, type=1, proto=0, laddr=('0.0.0.0', 8000)>]
    └ <bound method Server.run of <uvicorn.server.Server object at 0x75cece1a6090>>
  File "/home/liujx/miniconda3/envs/py311/lib/python3.11/site-packages/uvicorn/server.py", line 67, in run
    return asyncio.run(self.serve(sockets=sockets))
           │       │   │    │             └ [<socket.socket fd=3, family=2, type=1, proto=0, laddr=('0.0.0.0', 8000)>]
           │       │   │    └ <function Server.serve at 0x75cece11e700>
           │       │   └ <uvicorn.server.Server object at 0x75cece1a6090>
           │       └ <function run at 0x75cece7b3d80>
           └ <module 'asyncio' from '/home/liujx/miniconda3/envs/py311/lib/python3.11/asyncio/__init__.py'>
  File "/home/liujx/miniconda3/envs/py311/lib/python3.11/asyncio/runners.py", line 190, in run
    return runner.run(main)
           │      │   └ <coroutine object Server.serve at 0x75cece15e890>
           │      └ <function Runner.run at 0x75cece827f60>
           └ <asyncio.runners.Runner object at 0x75cece1a5710>
  File "/home/liujx/miniconda3/envs/py311/lib/python3.11/asyncio/runners.py", line 118, in run
    return self._loop.run_until_complete(task)
           │    │     │                  └ <Task pending name='Task-1' coro=<Server.serve() running at /home/liujx/miniconda3/envs/py311/lib/python3.11/site-packages/uv...
           │    │     └ <function BaseEventLoop.run_until_complete at 0x75cece825b20>
           │    └ <_UnixSelectorEventLoop running=True closed=False debug=False>
           └ <asyncio.runners.Runner object at 0x75cece1a5710>
  File "/home/liujx/miniconda3/envs/py311/lib/python3.11/asyncio/base_events.py", line 637, in run_until_complete
    self.run_forever()
    │    └ <function BaseEventLoop.run_forever at 0x75cece825a80>
    └ <_UnixSelectorEventLoop running=True closed=False debug=False>
  File "/home/liujx/miniconda3/envs/py311/lib/python3.11/asyncio/base_events.py", line 604, in run_forever
    self._run_once()
    │    └ <function BaseEventLoop._run_once at 0x75cece827880>
    └ <_UnixSelectorEventLoop running=True closed=False debug=False>
  File "/home/liujx/miniconda3/envs/py311/lib/python3.11/asyncio/base_events.py", line 1909, in _run_once
    handle._run()
    │      └ <function Handle._run at 0x75cece7c87c0>
    └ <Handle Task.task_wakeup(<Future finished result=True>)>
  File "/home/liujx/miniconda3/envs/py311/lib/python3.11/asyncio/events.py", line 80, in _run
    self._context.run(self._callback, *self._args)
    │    │            │    │           │    └ <member '_args' of 'Handle' objects>
    │    │            │    │           └ <Handle Task.task_wakeup(<Future finished result=True>)>
    │    │            │    └ <member '_callback' of 'Handle' objects>
    │    │            └ <Handle Task.task_wakeup(<Future finished result=True>)>
    │    └ <member '_context' of 'Handle' objects>
    └ <Handle Task.task_wakeup(<Future finished result=True>)>
  File "/home/liujx/miniconda3/envs/py311/lib/python3.11/site-packages/uvicorn/protocols/http/h11_impl.py", line 403, in run_asgi
    result = await app(  # type: ignore[func-returns-value]
                   └ <uvicorn.middleware.proxy_headers.ProxyHeadersMiddleware object at 0x75ceccaf4210>
  File "/home/liujx/miniconda3/envs/py311/lib/python3.11/site-packages/uvicorn/middleware/proxy_headers.py", line 60, in __call__
    return await self.app(scope, receive, send)
                 │    │   │      │        └ <bound method RequestResponseCycle.send of <uvicorn.protocols.http.h11_impl.RequestResponseCycle object at 0x75cecb5f1010>>
                 │    │   │      └ <bound method RequestResponseCycle.receive of <uvicorn.protocols.http.h11_impl.RequestResponseCycle object at 0x75cecb5f1010>>
                 │    │   └ {'type': 'http', 'asgi': {'version': '3.0', 'spec_version': '2.3'}, 'http_version': '1.1', 'server': ('11.11.11.45', 8000), '...
                 │    └ <fastapi.applications.FastAPI object at 0x75cecd17c190>
                 └ <uvicorn.middleware.proxy_headers.ProxyHeadersMiddleware object at 0x75ceccaf4210>
  File "/home/liujx/miniconda3/envs/py311/lib/python3.11/site-packages/fastapi/applications.py", line 1054, in __call__
    await super().__call__(scope, receive, send)
                           │      │        └ <bound method RequestResponseCycle.send of <uvicorn.protocols.http.h11_impl.RequestResponseCycle object at 0x75cecb5f1010>>
                           │      └ <bound method RequestResponseCycle.receive of <uvicorn.protocols.http.h11_impl.RequestResponseCycle object at 0x75cecb5f1010>>
                           └ {'type': 'http', 'asgi': {'version': '3.0', 'spec_version': '2.3'}, 'http_version': '1.1', 'server': ('11.11.11.45', 8000), '...
  File "/home/liujx/miniconda3/envs/py311/lib/python3.11/site-packages/starlette/applications.py", line 113, in __call__
    await self.middleware_stack(scope, receive, send)
          │    │                │      │        └ <bound method RequestResponseCycle.send of <uvicorn.protocols.http.h11_impl.RequestResponseCycle object at 0x75cecb5f1010>>
          │    │                │      └ <bound method RequestResponseCycle.receive of <uvicorn.protocols.http.h11_impl.RequestResponseCycle object at 0x75cecb5f1010>>
          │    │                └ {'type': 'http', 'asgi': {'version': '3.0', 'spec_version': '2.3'}, 'http_version': '1.1', 'server': ('11.11.11.45', 8000), '...
          │    └ <starlette.middleware.errors.ServerErrorMiddleware object at 0x75cecca06cd0>
          └ <fastapi.applications.FastAPI object at 0x75cecd17c190>
  File "/home/liujx/miniconda3/envs/py311/lib/python3.11/site-packages/starlette/middleware/errors.py", line 164, in __call__
    await self.app(scope, receive, _send)
          │    │   │      │        └ <function ServerErrorMiddleware.__call__.<locals>._send at 0x75cecb53a8e0>
          │    │   │      └ <bound method RequestResponseCycle.receive of <uvicorn.protocols.http.h11_impl.RequestResponseCycle object at 0x75cecb5f1010>>
          │    │   └ {'type': 'http', 'asgi': {'version': '3.0', 'spec_version': '2.3'}, 'http_version': '1.1', 'server': ('11.11.11.45', 8000), '...
          │    └ <starlette.middleware.base.BaseHTTPMiddleware object at 0x75ceccace650>
          └ <starlette.middleware.errors.ServerErrorMiddleware object at 0x75cecca06cd0>
  File "/home/liujx/miniconda3/envs/py311/lib/python3.11/site-packages/starlette/middleware/base.py", line 184, in __call__
    response = await self.dispatch_func(request, call_next)
                     │    │             │        └ <function BaseHTTPMiddleware.__call__.<locals>.call_next at 0x75cecb53b740>
                     │    │             └ <starlette.middleware.base._CachedRequest object at 0x75cecb5f2490>
                     │    └ <function log_middleware at 0x75cecdefd800>
                     └ <starlette.middleware.base.BaseHTTPMiddleware object at 0x75ceccace650>

> File "/home/liujx/PROJ/taolele/user_api/hooks/middlewares.py", line 7, in log_middleware
    response = await call_next(request)
                     │         └ <starlette.middleware.base._CachedRequest object at 0x75cecb5f2490>
                     └ <function BaseHTTPMiddleware.__call__.<locals>.call_next at 0x75cecb53b740>

  File "/home/liujx/miniconda3/envs/py311/lib/python3.11/site-packages/starlette/middleware/base.py", line 159, in call_next
    raise app_exc
          └ AttributeError("module 'services.protos.user_pb2_grpc' has no attribute 'UserServiceStub'")
  File "/home/liujx/miniconda3/envs/py311/lib/python3.11/site-packages/starlette/middleware/base.py", line 144, in coro
    await self.app(scope, receive_or_disconnect, send_no_error)
          │    │   │      │                      └ <function BaseHTTPMiddleware.__call__.<locals>.call_next.<locals>.send_no_error at 0x75cecb594a40>
          │    │   │      └ <function BaseHTTPMiddleware.__call__.<locals>.call_next.<locals>.receive_or_disconnect at 0x75cecb594e00>
          │    │   └ {'type': 'http', 'asgi': {'version': '3.0', 'spec_version': '2.3'}, 'http_version': '1.1', 'server': ('11.11.11.45', 8000), '...
          │    └ <starlette.middleware.exceptions.ExceptionMiddleware object at 0x75ceccaf5ad0>
          └ <starlette.middleware.base.BaseHTTPMiddleware object at 0x75ceccace650>
  File "/home/liujx/miniconda3/envs/py311/lib/python3.11/site-packages/starlette/middleware/exceptions.py", line 63, in __call__
    await wrap_app_handling_exceptions(self.app, conn)(scope, receive, send)
          │                            │    │    │     │      │        └ <function BaseHTTPMiddleware.__call__.<locals>.call_next.<locals>.send_no_error at 0x75cecb594a40>
          │                            │    │    │     │      └ <function BaseHTTPMiddleware.__call__.<locals>.call_next.<locals>.receive_or_disconnect at 0x75cecb594e00>
          │                            │    │    │     └ {'type': 'http', 'asgi': {'version': '3.0', 'spec_version': '2.3'}, 'http_version': '1.1', 'server': ('11.11.11.45', 8000), '...
          │                            │    │    └ <starlette.requests.Request object at 0x75cecb5f3450>
          │                            │    └ <fastapi.routing.APIRouter object at 0x75cecdf04a10>
          │                            └ <starlette.middleware.exceptions.ExceptionMiddleware object at 0x75ceccaf5ad0>
          └ <function wrap_app_handling_exceptions at 0x75cecd2b77e0>
  File "/home/liujx/miniconda3/envs/py311/lib/python3.11/site-packages/starlette/_exception_handler.py", line 53, in wrapped_app
    raise exc
  File "/home/liujx/miniconda3/envs/py311/lib/python3.11/site-packages/starlette/_exception_handler.py", line 42, in wrapped_app
    await app(scope, receive, sender)
          │   │      │        └ <function wrap_app_handling_exceptions.<locals>.wrapped_app.<locals>.sender at 0x75cecb595c60>
          │   │      └ <function BaseHTTPMiddleware.__call__.<locals>.call_next.<locals>.receive_or_disconnect at 0x75cecb594e00>
          │   └ {'type': 'http', 'asgi': {'version': '3.0', 'spec_version': '2.3'}, 'http_version': '1.1', 'server': ('11.11.11.45', 8000), '...
          └ <fastapi.routing.APIRouter object at 0x75cecdf04a10>
  File "/home/liujx/miniconda3/envs/py311/lib/python3.11/site-packages/starlette/routing.py", line 716, in __call__
    await self.middleware_stack(scope, receive, send)
          │    │                │      │        └ <function wrap_app_handling_exceptions.<locals>.wrapped_app.<locals>.sender at 0x75cecb595c60>
          │    │                │      └ <function BaseHTTPMiddleware.__call__.<locals>.call_next.<locals>.receive_or_disconnect at 0x75cecb594e00>
          │    │                └ {'type': 'http', 'asgi': {'version': '3.0', 'spec_version': '2.3'}, 'http_version': '1.1', 'server': ('11.11.11.45', 8000), '...
          │    └ <bound method Router.app of <fastapi.routing.APIRouter object at 0x75cecdf04a10>>
          └ <fastapi.routing.APIRouter object at 0x75cecdf04a10>
  File "/home/liujx/miniconda3/envs/py311/lib/python3.11/site-packages/starlette/routing.py", line 736, in app
    await route.handle(scope, receive, send)
          │     │      │      │        └ <function wrap_app_handling_exceptions.<locals>.wrapped_app.<locals>.sender at 0x75cecb595c60>
          │     │      │      └ <function BaseHTTPMiddleware.__call__.<locals>.call_next.<locals>.receive_or_disconnect at 0x75cecb594e00>
          │     │      └ {'type': 'http', 'asgi': {'version': '3.0', 'spec_version': '2.3'}, 'http_version': '1.1', 'server': ('11.11.11.45', 8000), '...
          │     └ <function Route.handle at 0x75cecd2dce00>
          └ APIRoute(path='/user/login', name='login', methods=['POST'])
  File "/home/liujx/miniconda3/envs/py311/lib/python3.11/site-packages/starlette/routing.py", line 290, in handle
    await self.app(scope, receive, send)
          │    │   │      │        └ <function wrap_app_handling_exceptions.<locals>.wrapped_app.<locals>.sender at 0x75cecb595c60>
          │    │   │      └ <function BaseHTTPMiddleware.__call__.<locals>.call_next.<locals>.receive_or_disconnect at 0x75cecb594e00>
          │    │   └ {'type': 'http', 'asgi': {'version': '3.0', 'spec_version': '2.3'}, 'http_version': '1.1', 'server': ('11.11.11.45', 8000), '...
          │    └ <function request_response.<locals>.app at 0x75cecc4fb880>
          └ APIRoute(path='/user/login', name='login', methods=['POST'])
  File "/home/liujx/miniconda3/envs/py311/lib/python3.11/site-packages/starlette/routing.py", line 78, in app
    await wrap_app_handling_exceptions(app, request)(scope, receive, send)
          │                            │    │        │      │        └ <function wrap_app_handling_exceptions.<locals>.wrapped_app.<locals>.sender at 0x75cecb595c60>
          │                            │    │        │      └ <function BaseHTTPMiddleware.__call__.<locals>.call_next.<locals>.receive_or_disconnect at 0x75cecb594e00>
          │                            │    │        └ {'type': 'http', 'asgi': {'version': '3.0', 'spec_version': '2.3'}, 'http_version': '1.1', 'server': ('11.11.11.45', 8000), '...
          │                            │    └ <starlette.requests.Request object at 0x75cecb5f2f90>
          │                            └ <function request_response.<locals>.app.<locals>.app at 0x75cecb594f40>
          └ <function wrap_app_handling_exceptions at 0x75cecd2b77e0>
  File "/home/liujx/miniconda3/envs/py311/lib/python3.11/site-packages/starlette/_exception_handler.py", line 53, in wrapped_app
    raise exc
  File "/home/liujx/miniconda3/envs/py311/lib/python3.11/site-packages/starlette/_exception_handler.py", line 42, in wrapped_app
    await app(scope, receive, sender)
          │   │      │        └ <function wrap_app_handling_exceptions.<locals>.wrapped_app.<locals>.sender at 0x75cecb5827a0>
          │   │      └ <function BaseHTTPMiddleware.__call__.<locals>.call_next.<locals>.receive_or_disconnect at 0x75cecb594e00>
          │   └ {'type': 'http', 'asgi': {'version': '3.0', 'spec_version': '2.3'}, 'http_version': '1.1', 'server': ('11.11.11.45', 8000), '...
          └ <function request_response.<locals>.app.<locals>.app at 0x75cecb594f40>
  File "/home/liujx/miniconda3/envs/py311/lib/python3.11/site-packages/starlette/routing.py", line 75, in app
    response = await f(request)
                     │ └ <starlette.requests.Request object at 0x75cecb5f2f90>
                     └ <function get_request_handler.<locals>.app at 0x75cecc4fb7e0>
  File "/home/liujx/miniconda3/envs/py311/lib/python3.11/site-packages/fastapi/routing.py", line 302, in app
    raw_response = await run_endpoint_function(
                         └ <function run_endpoint_function at 0x75cecd2dc900>
  File "/home/liujx/miniconda3/envs/py311/lib/python3.11/site-packages/fastapi/routing.py", line 213, in run_endpoint_function
    return await dependant.call(**values)
                 │         │      └ {'data': LoginModel(mobile='13870429899', code='1798')}
                 │         └ <function login at 0x75cecc4f9580>
                 └ Dependant(path_params=[], query_params=[], header_params=[], cookie_params=[], body_params=[ModelField(field_info=Body(Pydant...

  File "/home/liujx/PROJ/taolele/user_api/routers/user.py", line 50, in login
    user = await user_service_client.get_or_create_userby_mobile(mobile)
                 │                   │                           └ '13870429899'
                 │                   └ <function UserServiceClient.get_or_create_userby_mobile at 0x75cecc4f89a0>
                 └ <services.user.UserServiceClient object at 0x75cecb501fd0>

  File "/home/liujx/PROJ/taolele/user_api/services/user.py", line 19, in get_or_create_userby_mobile
    async with UserStub() as stub:
               └ <class 'services.user.UserStub'>

  File "/home/liujx/PROJ/taolele/user_api/services/user.py", line 11, in __aenter__
    self.stub = user_pb2_grpc.UserServiceStub(channel)
    │           │                             └ <grpc.aio._channel.Channel object at 0x75cecb5f3890>
    │           └ <module 'services.protos.user_pb2_grpc' from '/home/liujx/PROJ/taolele/user_api/services/protos/user_pb2_grpc.py'>
    └ <services.user.UserStub object at 0x75ceca302f50>

AttributeError: module 'services.protos.user_pb2_grpc' has no attribute 'UserServiceStub'
2025-08-04 21:36:49.729 | ERROR    | hooks.middlewares:log_middleware:11 - 发送异常了：
Traceback (most recent call last):

  File "/home/liujx/miniconda3/envs/py311/lib/python3.11/site-packages/anyio/streams/memory.py", line 111, in receive
    return self.receive_nowait()
           │    └ <function MemoryObjectReceiveStream.receive_nowait at 0x7f521138dd00>
           └ MemoryObjectReceiveStream(_state=MemoryObjectStreamState(max_buffer_size=0, buffer=deque([]), open_send_channels=0, open_rece...
  File "/home/liujx/miniconda3/envs/py311/lib/python3.11/site-packages/anyio/streams/memory.py", line 106, in receive_nowait
    raise WouldBlock
          └ <class 'anyio.WouldBlock'>

anyio.WouldBlock


During handling of the above exception, another exception occurred:


Traceback (most recent call last):

  File "/home/liujx/miniconda3/envs/py311/lib/python3.11/site-packages/anyio/streams/memory.py", line 124, in receive
    return receiver.item
           └ MemoryObjectItemReceiver(task_info=AsyncIOTaskInfo(id=139990421716224, name='Task-4'), item=None)

AttributeError: 'MemoryObjectItemReceiver' object has no attribute 'item'


During handling of the above exception, another exception occurred:


Traceback (most recent call last):

  File "/home/liujx/miniconda3/envs/py311/lib/python3.11/site-packages/starlette/middleware/base.py", line 151, in call_next
    message = await recv_stream.receive()
                    │           └ <function MemoryObjectReceiveStream.receive at 0x7f521138dda0>
                    └ MemoryObjectReceiveStream(_state=MemoryObjectStreamState(max_buffer_size=0, buffer=deque([]), open_send_channels=0, open_rece...
  File "/home/liujx/miniconda3/envs/py311/lib/python3.11/site-packages/anyio/streams/memory.py", line 126, in receive
    raise EndOfStream
          └ <class 'anyio.EndOfStream'>

anyio.EndOfStream


During handling of the above exception, another exception occurred:


Traceback (most recent call last):

  File "<string>", line 1, in <module>
  File "/home/liujx/miniconda3/envs/py311/lib/python3.11/multiprocessing/spawn.py", line 120, in spawn_main
    exitcode = _main(fd, parent_sentinel)
               │     │   └ 4
               │     └ 7
               └ <function _main at 0x7f5212cb2700>
  File "/home/liujx/miniconda3/envs/py311/lib/python3.11/multiprocessing/spawn.py", line 133, in _main
    return self._bootstrap(parent_sentinel)
           │    │          └ 4
           │    └ <function BaseProcess._bootstrap at 0x7f5212bc4a40>
           └ <SpawnProcess name='SpawnProcess-4' parent=690823 started>
  File "/home/liujx/miniconda3/envs/py311/lib/python3.11/multiprocessing/process.py", line 314, in _bootstrap
    self.run()
    │    └ <function BaseProcess.run at 0x7f5212db7f60>
    └ <SpawnProcess name='SpawnProcess-4' parent=690823 started>
  File "/home/liujx/miniconda3/envs/py311/lib/python3.11/multiprocessing/process.py", line 108, in run
    self._target(*self._args, **self._kwargs)
    │    │        │    │        │    └ {'config': <uvicorn.config.Config object at 0x7f521226a1d0>, 'target': <bound method Server.run of <uvicorn.server.Server obj...
    │    │        │    │        └ <SpawnProcess name='SpawnProcess-4' parent=690823 started>
    │    │        │    └ ()
    │    │        └ <SpawnProcess name='SpawnProcess-4' parent=690823 started>
    │    └ <function subprocess_started at 0x7f52120c7a60>
    └ <SpawnProcess name='SpawnProcess-4' parent=690823 started>
  File "/home/liujx/miniconda3/envs/py311/lib/python3.11/site-packages/uvicorn/_subprocess.py", line 80, in subprocess_started
    target(sockets=sockets)
    │              └ [<socket.socket fd=3, family=2, type=1, proto=0, laddr=('0.0.0.0', 8000)>]
    └ <bound method Server.run of <uvicorn.server.Server object at 0x7f521214a4d0>>
  File "/home/liujx/miniconda3/envs/py311/lib/python3.11/site-packages/uvicorn/server.py", line 67, in run
    return asyncio.run(self.serve(sockets=sockets))
           │       │   │    │             └ [<socket.socket fd=3, family=2, type=1, proto=0, laddr=('0.0.0.0', 8000)>]
           │       │   │    └ <function Server.serve at 0x7f52120c6700>
           │       │   └ <uvicorn.server.Server object at 0x7f521214a4d0>
           │       └ <function run at 0x7f5212727d80>
           └ <module 'asyncio' from '/home/liujx/miniconda3/envs/py311/lib/python3.11/asyncio/__init__.py'>
  File "/home/liujx/miniconda3/envs/py311/lib/python3.11/asyncio/runners.py", line 190, in run
    return runner.run(main)
           │      │   └ <coroutine object Server.serve at 0x7f5212106890>
           │      └ <function Runner.run at 0x7f521279bf60>
           └ <asyncio.runners.Runner object at 0x7f5212149b50>
  File "/home/liujx/miniconda3/envs/py311/lib/python3.11/asyncio/runners.py", line 118, in run
    return self._loop.run_until_complete(task)
           │    │     │                  └ <Task pending name='Task-1' coro=<Server.serve() running at /home/liujx/miniconda3/envs/py311/lib/python3.11/site-packages/uv...
           │    │     └ <function BaseEventLoop.run_until_complete at 0x7f5212799b20>
           │    └ <_UnixSelectorEventLoop running=True closed=False debug=False>
           └ <asyncio.runners.Runner object at 0x7f5212149b50>
  File "/home/liujx/miniconda3/envs/py311/lib/python3.11/asyncio/base_events.py", line 637, in run_until_complete
    self.run_forever()
    │    └ <function BaseEventLoop.run_forever at 0x7f5212799a80>
    └ <_UnixSelectorEventLoop running=True closed=False debug=False>
  File "/home/liujx/miniconda3/envs/py311/lib/python3.11/asyncio/base_events.py", line 604, in run_forever
    self._run_once()
    │    └ <function BaseEventLoop._run_once at 0x7f521279b880>
    └ <_UnixSelectorEventLoop running=True closed=False debug=False>
  File "/home/liujx/miniconda3/envs/py311/lib/python3.11/asyncio/base_events.py", line 1909, in _run_once
    handle._run()
    │      └ <function Handle._run at 0x7f521273c7c0>
    └ <Handle Task.task_wakeup(<Future finished result=True>)>
  File "/home/liujx/miniconda3/envs/py311/lib/python3.11/asyncio/events.py", line 80, in _run
    self._context.run(self._callback, *self._args)
    │    │            │    │           │    └ <member '_args' of 'Handle' objects>
    │    │            │    │           └ <Handle Task.task_wakeup(<Future finished result=True>)>
    │    │            │    └ <member '_callback' of 'Handle' objects>
    │    │            └ <Handle Task.task_wakeup(<Future finished result=True>)>
    │    └ <member '_context' of 'Handle' objects>
    └ <Handle Task.task_wakeup(<Future finished result=True>)>
  File "/home/liujx/miniconda3/envs/py311/lib/python3.11/site-packages/uvicorn/protocols/http/h11_impl.py", line 403, in run_asgi
    result = await app(  # type: ignore[func-returns-value]
                   └ <uvicorn.middleware.proxy_headers.ProxyHeadersMiddleware object at 0x7f520eb1a9d0>
  File "/home/liujx/miniconda3/envs/py311/lib/python3.11/site-packages/uvicorn/middleware/proxy_headers.py", line 60, in __call__
    return await self.app(scope, receive, send)
                 │    │   │      │        └ <bound method RequestResponseCycle.send of <uvicorn.protocols.http.h11_impl.RequestResponseCycle object at 0x7f520eb4b810>>
                 │    │   │      └ <bound method RequestResponseCycle.receive of <uvicorn.protocols.http.h11_impl.RequestResponseCycle object at 0x7f520eb4b810>>
                 │    │   └ {'type': 'http', 'asgi': {'version': '3.0', 'spec_version': '2.3'}, 'http_version': '1.1', 'server': ('11.11.11.45', 8000), '...
                 │    └ <fastapi.applications.FastAPI object at 0x7f5211154090>
                 └ <uvicorn.middleware.proxy_headers.ProxyHeadersMiddleware object at 0x7f520eb1a9d0>
  File "/home/liujx/miniconda3/envs/py311/lib/python3.11/site-packages/fastapi/applications.py", line 1054, in __call__
    await super().__call__(scope, receive, send)
                           │      │        └ <bound method RequestResponseCycle.send of <uvicorn.protocols.http.h11_impl.RequestResponseCycle object at 0x7f520eb4b810>>
                           │      └ <bound method RequestResponseCycle.receive of <uvicorn.protocols.http.h11_impl.RequestResponseCycle object at 0x7f520eb4b810>>
                           └ {'type': 'http', 'asgi': {'version': '3.0', 'spec_version': '2.3'}, 'http_version': '1.1', 'server': ('11.11.11.45', 8000), '...
  File "/home/liujx/miniconda3/envs/py311/lib/python3.11/site-packages/starlette/applications.py", line 113, in __call__
    await self.middleware_stack(scope, receive, send)
          │    │                │      │        └ <bound method RequestResponseCycle.send of <uvicorn.protocols.http.h11_impl.RequestResponseCycle object at 0x7f520eb4b810>>
          │    │                │      └ <bound method RequestResponseCycle.receive of <uvicorn.protocols.http.h11_impl.RequestResponseCycle object at 0x7f520eb4b810>>
          │    │                └ {'type': 'http', 'asgi': {'version': '3.0', 'spec_version': '2.3'}, 'http_version': '1.1', 'server': ('11.11.11.45', 8000), '...
          │    └ <starlette.middleware.errors.ServerErrorMiddleware object at 0x7f520eb18310>
          └ <fastapi.applications.FastAPI object at 0x7f5211154090>
  File "/home/liujx/miniconda3/envs/py311/lib/python3.11/site-packages/starlette/middleware/errors.py", line 164, in __call__
    await self.app(scope, receive, _send)
          │    │   │      │        └ <function ServerErrorMiddleware.__call__.<locals>._send at 0x7f520eb0f1a0>
          │    │   │      └ <bound method RequestResponseCycle.receive of <uvicorn.protocols.http.h11_impl.RequestResponseCycle object at 0x7f520eb4b810>>
          │    │   └ {'type': 'http', 'asgi': {'version': '3.0', 'spec_version': '2.3'}, 'http_version': '1.1', 'server': ('11.11.11.45', 8000), '...
          │    └ <starlette.middleware.base.BaseHTTPMiddleware object at 0x7f520eb27dd0>
          └ <starlette.middleware.errors.ServerErrorMiddleware object at 0x7f520eb18310>
  File "/home/liujx/miniconda3/envs/py311/lib/python3.11/site-packages/starlette/middleware/base.py", line 184, in __call__
    response = await self.dispatch_func(request, call_next)
                     │    │             │        └ <function BaseHTTPMiddleware.__call__.<locals>.call_next at 0x7f520eb4e8e0>
                     │    │             └ <starlette.middleware.base._CachedRequest object at 0x7f520eb4b9d0>
                     │    └ <function log_middleware at 0x7f5211ea5800>
                     └ <starlette.middleware.base.BaseHTTPMiddleware object at 0x7f520eb27dd0>

> File "/home/liujx/PROJ/taolele/user_api/hooks/middlewares.py", line 7, in log_middleware
    response = await call_next(request)
                     │         └ <starlette.middleware.base._CachedRequest object at 0x7f520eb4b9d0>
                     └ <function BaseHTTPMiddleware.__call__.<locals>.call_next at 0x7f520eb4e8e0>

  File "/home/liujx/miniconda3/envs/py311/lib/python3.11/site-packages/starlette/middleware/base.py", line 159, in call_next
    raise app_exc
          └ AttributeError("'UserStub' object has no attribute 'channel'")
  File "/home/liujx/miniconda3/envs/py311/lib/python3.11/site-packages/starlette/middleware/base.py", line 144, in coro
    await self.app(scope, receive_or_disconnect, send_no_error)
          │    │   │      │                      └ <function BaseHTTPMiddleware.__call__.<locals>.call_next.<locals>.send_no_error at 0x7f520eb4f920>
          │    │   │      └ <function BaseHTTPMiddleware.__call__.<locals>.call_next.<locals>.receive_or_disconnect at 0x7f520eb4f740>
          │    │   └ {'type': 'http', 'asgi': {'version': '3.0', 'spec_version': '2.3'}, 'http_version': '1.1', 'server': ('11.11.11.45', 8000), '...
          │    └ <starlette.middleware.exceptions.ExceptionMiddleware object at 0x7f52106f8410>
          └ <starlette.middleware.base.BaseHTTPMiddleware object at 0x7f520eb27dd0>
  File "/home/liujx/miniconda3/envs/py311/lib/python3.11/site-packages/starlette/middleware/exceptions.py", line 63, in __call__
    await wrap_app_handling_exceptions(self.app, conn)(scope, receive, send)
          │                            │    │    │     │      │        └ <function BaseHTTPMiddleware.__call__.<locals>.call_next.<locals>.send_no_error at 0x7f520eb4f920>
          │                            │    │    │     │      └ <function BaseHTTPMiddleware.__call__.<locals>.call_next.<locals>.receive_or_disconnect at 0x7f520eb4f740>
          │                            │    │    │     └ {'type': 'http', 'asgi': {'version': '3.0', 'spec_version': '2.3'}, 'http_version': '1.1', 'server': ('11.11.11.45', 8000), '...
          │                            │    │    └ <starlette.requests.Request object at 0x7f520eb58410>
          │                            │    └ <fastapi.routing.APIRouter object at 0x7f5211ea91d0>
          │                            └ <starlette.middleware.exceptions.ExceptionMiddleware object at 0x7f52106f8410>
          └ <function wrap_app_handling_exceptions at 0x7f521128f7e0>
  File "/home/liujx/miniconda3/envs/py311/lib/python3.11/site-packages/starlette/_exception_handler.py", line 53, in wrapped_app
    raise exc
  File "/home/liujx/miniconda3/envs/py311/lib/python3.11/site-packages/starlette/_exception_handler.py", line 42, in wrapped_app
    await app(scope, receive, sender)
          │   │      │        └ <function wrap_app_handling_exceptions.<locals>.wrapped_app.<locals>.sender at 0x7f520eba89a0>
          │   │      └ <function BaseHTTPMiddleware.__call__.<locals>.call_next.<locals>.receive_or_disconnect at 0x7f520eb4f740>
          │   └ {'type': 'http', 'asgi': {'version': '3.0', 'spec_version': '2.3'}, 'http_version': '1.1', 'server': ('11.11.11.45', 8000), '...
          └ <fastapi.routing.APIRouter object at 0x7f5211ea91d0>
  File "/home/liujx/miniconda3/envs/py311/lib/python3.11/site-packages/starlette/routing.py", line 716, in __call__
    await self.middleware_stack(scope, receive, send)
          │    │                │      │        └ <function wrap_app_handling_exceptions.<locals>.wrapped_app.<locals>.sender at 0x7f520eba89a0>
          │    │                │      └ <function BaseHTTPMiddleware.__call__.<locals>.call_next.<locals>.receive_or_disconnect at 0x7f520eb4f740>
          │    │                └ {'type': 'http', 'asgi': {'version': '3.0', 'spec_version': '2.3'}, 'http_version': '1.1', 'server': ('11.11.11.45', 8000), '...
          │    └ <bound method Router.app of <fastapi.routing.APIRouter object at 0x7f5211ea91d0>>
          └ <fastapi.routing.APIRouter object at 0x7f5211ea91d0>
  File "/home/liujx/miniconda3/envs/py311/lib/python3.11/site-packages/starlette/routing.py", line 736, in app
    await route.handle(scope, receive, send)
          │     │      │      │        └ <function wrap_app_handling_exceptions.<locals>.wrapped_app.<locals>.sender at 0x7f520eba89a0>
          │     │      │      └ <function BaseHTTPMiddleware.__call__.<locals>.call_next.<locals>.receive_or_disconnect at 0x7f520eb4f740>
          │     │      └ {'type': 'http', 'asgi': {'version': '3.0', 'spec_version': '2.3'}, 'http_version': '1.1', 'server': ('11.11.11.45', 8000), '...
          │     └ <function Route.handle at 0x7f52112b0e00>
          └ APIRoute(path='/user/login', name='login', methods=['POST'])
  File "/home/liujx/miniconda3/envs/py311/lib/python3.11/site-packages/starlette/routing.py", line 290, in handle
    await self.app(scope, receive, send)
          │    │   │      │        └ <function wrap_app_handling_exceptions.<locals>.wrapped_app.<locals>.sender at 0x7f520eba89a0>
          │    │   │      └ <function BaseHTTPMiddleware.__call__.<locals>.call_next.<locals>.receive_or_disconnect at 0x7f520eb4f740>
          │    │   └ {'type': 'http', 'asgi': {'version': '3.0', 'spec_version': '2.3'}, 'http_version': '1.1', 'server': ('11.11.11.45', 8000), '...
          │    └ <function request_response.<locals>.app at 0x7f520eb0f880>
          └ APIRoute(path='/user/login', name='login', methods=['POST'])
  File "/home/liujx/miniconda3/envs/py311/lib/python3.11/site-packages/starlette/routing.py", line 78, in app
    await wrap_app_handling_exceptions(app, request)(scope, receive, send)
          │                            │    │        │      │        └ <function wrap_app_handling_exceptions.<locals>.wrapped_app.<locals>.sender at 0x7f520eba89a0>
          │                            │    │        │      └ <function BaseHTTPMiddleware.__call__.<locals>.call_next.<locals>.receive_or_disconnect at 0x7f520eb4f740>
          │                            │    │        └ {'type': 'http', 'asgi': {'version': '3.0', 'spec_version': '2.3'}, 'http_version': '1.1', 'server': ('11.11.11.45', 8000), '...
          │                            │    └ <starlette.requests.Request object at 0x7f520eb4a9d0>
          │                            └ <function request_response.<locals>.app.<locals>.app at 0x7f520eba8a40>
          └ <function wrap_app_handling_exceptions at 0x7f521128f7e0>
  File "/home/liujx/miniconda3/envs/py311/lib/python3.11/site-packages/starlette/_exception_handler.py", line 53, in wrapped_app
    raise exc
  File "/home/liujx/miniconda3/envs/py311/lib/python3.11/site-packages/starlette/_exception_handler.py", line 42, in wrapped_app
    await app(scope, receive, sender)
          │   │      │        └ <function wrap_app_handling_exceptions.<locals>.wrapped_app.<locals>.sender at 0x7f520eba8b80>
          │   │      └ <function BaseHTTPMiddleware.__call__.<locals>.call_next.<locals>.receive_or_disconnect at 0x7f520eb4f740>
          │   └ {'type': 'http', 'asgi': {'version': '3.0', 'spec_version': '2.3'}, 'http_version': '1.1', 'server': ('11.11.11.45', 8000), '...
          └ <function request_response.<locals>.app.<locals>.app at 0x7f520eba8a40>
  File "/home/liujx/miniconda3/envs/py311/lib/python3.11/site-packages/starlette/routing.py", line 75, in app
    response = await f(request)
                     │ └ <starlette.requests.Request object at 0x7f520eb4a9d0>
                     └ <function get_request_handler.<locals>.app at 0x7f520eb0f7e0>
  File "/home/liujx/miniconda3/envs/py311/lib/python3.11/site-packages/fastapi/routing.py", line 302, in app
    raw_response = await run_endpoint_function(
                         └ <function run_endpoint_function at 0x7f52112b0900>
  File "/home/liujx/miniconda3/envs/py311/lib/python3.11/site-packages/fastapi/routing.py", line 213, in run_endpoint_function
    return await dependant.call(**values)
                 │         │      └ {'data': LoginModel(mobile='13870429899', code='1798')}
                 │         └ <function login at 0x7f520eb0d580>
                 └ Dependant(path_params=[], query_params=[], header_params=[], cookie_params=[], body_params=[ModelField(field_info=Body(Pydant...

  File "/home/liujx/PROJ/taolele/user_api/routers/user.py", line 50, in login
    user = await user_service_client.get_or_create_userby_mobile(mobile)
                 │                   │                           └ '13870429899'
                 │                   └ <function UserServiceClient.get_or_create_userby_mobile at 0x7f520eb0c9a0>
                 └ <services.user.UserServiceClient object at 0x7f520eb16250>

  File "/home/liujx/PROJ/taolele/user_api/services/user.py", line 19, in get_or_create_userby_mobile
    async with UserStub() as stub:
               │             └ <services.protos.user_pb2_grpc.UserStub object at 0x7f520eb27410>
               └ <class 'services.user.UserStub'>

  File "/home/liujx/PROJ/taolele/user_api/services/user.py", line 15, in __aexit__
    await self.stub.channel.close()
          │    └ <services.protos.user_pb2_grpc.UserStub object at 0x7f520eb27410>
          └ <services.user.UserStub object at 0x7f520eb1a8d0>

AttributeError: 'UserStub' object has no attribute 'channel'
2025-08-05 11:47:21.789 | ERROR    | hooks.middlewares:log_middleware:11 - 发送异常了：
Traceback (most recent call last):

  File "<string>", line 1, in <module>
  File "/home/liujx/miniconda3/envs/py311/lib/python3.11/multiprocessing/spawn.py", line 120, in spawn_main
    exitcode = _main(fd, parent_sentinel)
               │     │   └ 4
               │     └ 7
               └ <function _main at 0x7049b13ea700>
  File "/home/liujx/miniconda3/envs/py311/lib/python3.11/multiprocessing/spawn.py", line 133, in _main
    return self._bootstrap(parent_sentinel)
           │    │          └ 4
           │    └ <function BaseProcess._bootstrap at 0x7049b14fca40>
           └ <SpawnProcess name='SpawnProcess-2' parent=216814 started>
  File "/home/liujx/miniconda3/envs/py311/lib/python3.11/multiprocessing/process.py", line 314, in _bootstrap
    self.run()
    │    └ <function BaseProcess.run at 0x7049b14f3f60>
    └ <SpawnProcess name='SpawnProcess-2' parent=216814 started>
  File "/home/liujx/miniconda3/envs/py311/lib/python3.11/multiprocessing/process.py", line 108, in run
    self._target(*self._args, **self._kwargs)
    │    │        │    │        │    └ {'config': <uvicorn.config.Config object at 0x7049b11ffb50>, 'target': <bound method Server.run of <uvicorn.server.Server obj...
    │    │        │    │        └ <SpawnProcess name='SpawnProcess-2' parent=216814 started>
    │    │        │    └ ()
    │    │        └ <SpawnProcess name='SpawnProcess-2' parent=216814 started>
    │    └ <function subprocess_started at 0x7049b0817a60>
    └ <SpawnProcess name='SpawnProcess-2' parent=216814 started>
  File "/home/liujx/miniconda3/envs/py311/lib/python3.11/site-packages/uvicorn/_subprocess.py", line 80, in subprocess_started
    target(sockets=sockets)
    │              └ [<socket.socket fd=3, family=2, type=1, proto=0, laddr=('0.0.0.0', 8000)>]
    └ <bound method Server.run of <uvicorn.server.Server object at 0x7049b089e290>>
  File "/home/liujx/miniconda3/envs/py311/lib/python3.11/site-packages/uvicorn/server.py", line 67, in run
    return asyncio.run(self.serve(sockets=sockets))
           │       │   │    │             └ [<socket.socket fd=3, family=2, type=1, proto=0, laddr=('0.0.0.0', 8000)>]
           │       │   │    └ <function Server.serve at 0x7049b0816700>
           │       │   └ <uvicorn.server.Server object at 0x7049b089e290>
           │       └ <function run at 0x7049b0b0bd80>
           └ <module 'asyncio' from '/home/liujx/miniconda3/envs/py311/lib/python3.11/asyncio/__init__.py'>
  File "/home/liujx/miniconda3/envs/py311/lib/python3.11/asyncio/runners.py", line 190, in run
    return runner.run(main)
           │      │   └ <coroutine object Server.serve at 0x7049b0856890>
           │      └ <function Runner.run at 0x7049b0b7ff60>
           └ <asyncio.runners.Runner object at 0x7049b089d890>
  File "/home/liujx/miniconda3/envs/py311/lib/python3.11/asyncio/runners.py", line 118, in run
    return self._loop.run_until_complete(task)
           │    │     │                  └ <Task pending name='Task-1' coro=<Server.serve() running at /home/liujx/miniconda3/envs/py311/lib/python3.11/site-packages/uv...
           │    │     └ <function BaseEventLoop.run_until_complete at 0x7049b0b7db20>
           │    └ <_UnixSelectorEventLoop running=True closed=False debug=False>
           └ <asyncio.runners.Runner object at 0x7049b089d890>
  File "/home/liujx/miniconda3/envs/py311/lib/python3.11/asyncio/base_events.py", line 637, in run_until_complete
    self.run_forever()
    │    └ <function BaseEventLoop.run_forever at 0x7049b0b7da80>
    └ <_UnixSelectorEventLoop running=True closed=False debug=False>
  File "/home/liujx/miniconda3/envs/py311/lib/python3.11/asyncio/base_events.py", line 604, in run_forever
    self._run_once()
    │    └ <function BaseEventLoop._run_once at 0x7049b0b7f880>
    └ <_UnixSelectorEventLoop running=True closed=False debug=False>
  File "/home/liujx/miniconda3/envs/py311/lib/python3.11/asyncio/base_events.py", line 1909, in _run_once
    handle._run()
    │      └ <function Handle._run at 0x7049b0b247c0>
    └ <Handle Task.task_wakeup(<Future finished result=True>)>
  File "/home/liujx/miniconda3/envs/py311/lib/python3.11/asyncio/events.py", line 80, in _run
    self._context.run(self._callback, *self._args)
    │    │            │    │           │    └ <member '_args' of 'Handle' objects>
    │    │            │    │           └ <Handle Task.task_wakeup(<Future finished result=True>)>
    │    │            │    └ <member '_callback' of 'Handle' objects>
    │    │            └ <Handle Task.task_wakeup(<Future finished result=True>)>
    │    └ <member '_context' of 'Handle' objects>
    └ <Handle Task.task_wakeup(<Future finished result=True>)>
  File "/home/liujx/miniconda3/envs/py311/lib/python3.11/site-packages/uvicorn/protocols/http/h11_impl.py", line 403, in run_asgi
    result = await app(  # type: ignore[func-returns-value]
                   └ <uvicorn.middleware.proxy_headers.ProxyHeadersMiddleware object at 0x7049b089f650>
  File "/home/liujx/miniconda3/envs/py311/lib/python3.11/site-packages/uvicorn/middleware/proxy_headers.py", line 60, in __call__
    return await self.app(scope, receive, send)
                 │    │   │      │        └ <bound method RequestResponseCycle.send of <uvicorn.protocols.http.h11_impl.RequestResponseCycle object at 0x7049ac95abd0>>
                 │    │   │      └ <bound method RequestResponseCycle.receive of <uvicorn.protocols.http.h11_impl.RequestResponseCycle object at 0x7049ac95abd0>>
                 │    │   └ {'type': 'http', 'asgi': {'version': '3.0', 'spec_version': '2.3'}, 'http_version': '1.1', 'server': ('11.11.11.45', 8000), '...
                 │    └ <fastapi.applications.FastAPI object at 0x7049b0619090>
                 └ <uvicorn.middleware.proxy_headers.ProxyHeadersMiddleware object at 0x7049b089f650>
  File "/home/liujx/miniconda3/envs/py311/lib/python3.11/site-packages/fastapi/applications.py", line 1054, in __call__
    await super().__call__(scope, receive, send)
                           │      │        └ <bound method RequestResponseCycle.send of <uvicorn.protocols.http.h11_impl.RequestResponseCycle object at 0x7049ac95abd0>>
                           │      └ <bound method RequestResponseCycle.receive of <uvicorn.protocols.http.h11_impl.RequestResponseCycle object at 0x7049ac95abd0>>
                           └ {'type': 'http', 'asgi': {'version': '3.0', 'spec_version': '2.3'}, 'http_version': '1.1', 'server': ('11.11.11.45', 8000), '...
  File "/home/liujx/miniconda3/envs/py311/lib/python3.11/site-packages/starlette/applications.py", line 113, in __call__
    await self.middleware_stack(scope, receive, send)
          │    │                │      │        └ <bound method RequestResponseCycle.send of <uvicorn.protocols.http.h11_impl.RequestResponseCycle object at 0x7049ac95abd0>>
          │    │                │      └ <bound method RequestResponseCycle.receive of <uvicorn.protocols.http.h11_impl.RequestResponseCycle object at 0x7049ac95abd0>>
          │    │                └ {'type': 'http', 'asgi': {'version': '3.0', 'spec_version': '2.3'}, 'http_version': '1.1', 'server': ('11.11.11.45', 8000), '...
          │    └ <starlette.middleware.errors.ServerErrorMiddleware object at 0x7049ad390610>
          └ <fastapi.applications.FastAPI object at 0x7049b0619090>
  File "/home/liujx/miniconda3/envs/py311/lib/python3.11/site-packages/starlette/middleware/errors.py", line 164, in __call__
    await self.app(scope, receive, _send)
          │    │   │      │        └ <function ServerErrorMiddleware.__call__.<locals>._send at 0x7049ac907100>
          │    │   │      └ <bound method RequestResponseCycle.receive of <uvicorn.protocols.http.h11_impl.RequestResponseCycle object at 0x7049ac95abd0>>
          │    │   └ {'type': 'http', 'asgi': {'version': '3.0', 'spec_version': '2.3'}, 'http_version': '1.1', 'server': ('11.11.11.45', 8000), '...
          │    └ <starlette.middleware.base.BaseHTTPMiddleware object at 0x7049ac8d1b50>
          └ <starlette.middleware.errors.ServerErrorMiddleware object at 0x7049ad390610>
  File "/home/liujx/miniconda3/envs/py311/lib/python3.11/site-packages/starlette/middleware/base.py", line 184, in __call__
    response = await self.dispatch_func(request, call_next)
                     │    │             │        └ <function BaseHTTPMiddleware.__call__.<locals>.call_next at 0x7049ac907240>
                     │    │             └ <starlette.middleware.base._CachedRequest object at 0x7049ac916ad0>
                     │    └ <function log_middleware at 0x7049b0615760>
                     └ <starlette.middleware.base.BaseHTTPMiddleware object at 0x7049ac8d1b50>

> File "/home/liujx/PROJ/taolele/user_api/hooks/middlewares.py", line 7, in log_middleware
    response = await call_next(request)
                     │         └ <starlette.middleware.base._CachedRequest object at 0x7049ac916ad0>
                     └ <function BaseHTTPMiddleware.__call__.<locals>.call_next at 0x7049ac907240>

  File "/home/liujx/miniconda3/envs/py311/lib/python3.11/site-packages/starlette/middleware/base.py", line 159, in call_next
    raise app_exc
          └ KeyError('ALIBABA_CLOUD_ACCESS_KEY_ID')
  File "/home/liujx/miniconda3/envs/py311/lib/python3.11/site-packages/starlette/middleware/base.py", line 144, in coro
    await self.app(scope, receive_or_disconnect, send_no_error)
          │    │   │      │                      └ <function BaseHTTPMiddleware.__call__.<locals>.call_next.<locals>.send_no_error at 0x7049b088bce0>
          │    │   │      └ <function BaseHTTPMiddleware.__call__.<locals>.call_next.<locals>.receive_or_disconnect at 0x7049ac906fc0>
          │    │   └ {'type': 'http', 'asgi': {'version': '3.0', 'spec_version': '2.3'}, 'http_version': '1.1', 'server': ('11.11.11.45', 8000), '...
          │    └ <starlette.middleware.exceptions.ExceptionMiddleware object at 0x7049ac8e7050>
          └ <starlette.middleware.base.BaseHTTPMiddleware object at 0x7049ac8d1b50>
  File "/home/liujx/miniconda3/envs/py311/lib/python3.11/site-packages/starlette/middleware/exceptions.py", line 63, in __call__
    await wrap_app_handling_exceptions(self.app, conn)(scope, receive, send)
          │                            │    │    │     │      │        └ <function BaseHTTPMiddleware.__call__.<locals>.call_next.<locals>.send_no_error at 0x7049b088bce0>
          │                            │    │    │     │      └ <function BaseHTTPMiddleware.__call__.<locals>.call_next.<locals>.receive_or_disconnect at 0x7049ac906fc0>
          │                            │    │    │     └ {'type': 'http', 'asgi': {'version': '3.0', 'spec_version': '2.3'}, 'http_version': '1.1', 'server': ('11.11.11.45', 8000), '...
          │                            │    │    └ <starlette.requests.Request object at 0x7049ac95b850>
          │                            │    └ <fastapi.routing.APIRouter object at 0x7049aefe9c10>
          │                            └ <starlette.middleware.exceptions.ExceptionMiddleware object at 0x7049ac8e7050>
          └ <function wrap_app_handling_exceptions at 0x7049afa12840>
  File "/home/liujx/miniconda3/envs/py311/lib/python3.11/site-packages/starlette/_exception_handler.py", line 53, in wrapped_app
    raise exc
  File "/home/liujx/miniconda3/envs/py311/lib/python3.11/site-packages/starlette/_exception_handler.py", line 42, in wrapped_app
    await app(scope, receive, sender)
          │   │      │        └ <function wrap_app_handling_exceptions.<locals>.wrapped_app.<locals>.sender at 0x7049ac965260>
          │   │      └ <function BaseHTTPMiddleware.__call__.<locals>.call_next.<locals>.receive_or_disconnect at 0x7049ac906fc0>
          │   └ {'type': 'http', 'asgi': {'version': '3.0', 'spec_version': '2.3'}, 'http_version': '1.1', 'server': ('11.11.11.45', 8000), '...
          └ <fastapi.routing.APIRouter object at 0x7049aefe9c10>
  File "/home/liujx/miniconda3/envs/py311/lib/python3.11/site-packages/starlette/routing.py", line 716, in __call__
    await self.middleware_stack(scope, receive, send)
          │    │                │      │        └ <function wrap_app_handling_exceptions.<locals>.wrapped_app.<locals>.sender at 0x7049ac965260>
          │    │                │      └ <function BaseHTTPMiddleware.__call__.<locals>.call_next.<locals>.receive_or_disconnect at 0x7049ac906fc0>
          │    │                └ {'type': 'http', 'asgi': {'version': '3.0', 'spec_version': '2.3'}, 'http_version': '1.1', 'server': ('11.11.11.45', 8000), '...
          │    └ <bound method Router.app of <fastapi.routing.APIRouter object at 0x7049aefe9c10>>
          └ <fastapi.routing.APIRouter object at 0x7049aefe9c10>
  File "/home/liujx/miniconda3/envs/py311/lib/python3.11/site-packages/starlette/routing.py", line 736, in app
    await route.handle(scope, receive, send)
          │     │      │      │        └ <function wrap_app_handling_exceptions.<locals>.wrapped_app.<locals>.sender at 0x7049ac965260>
          │     │      │      └ <function BaseHTTPMiddleware.__call__.<locals>.call_next.<locals>.receive_or_disconnect at 0x7049ac906fc0>
          │     │      └ {'type': 'http', 'asgi': {'version': '3.0', 'spec_version': '2.3'}, 'http_version': '1.1', 'server': ('11.11.11.45', 8000), '...
          │     └ <function Route.handle at 0x7049afa13e20>
          └ APIRoute(path='/user/update/avatar', name='update_avatar', methods=['PUT'])
  File "/home/liujx/miniconda3/envs/py311/lib/python3.11/site-packages/starlette/routing.py", line 290, in handle
    await self.app(scope, receive, send)
          │    │   │      │        └ <function wrap_app_handling_exceptions.<locals>.wrapped_app.<locals>.sender at 0x7049ac965260>
          │    │   │      └ <function BaseHTTPMiddleware.__call__.<locals>.call_next.<locals>.receive_or_disconnect at 0x7049ac906fc0>
          │    │   └ {'type': 'http', 'asgi': {'version': '3.0', 'spec_version': '2.3'}, 'http_version': '1.1', 'server': ('11.11.11.45', 8000), '...
          │    └ <function request_response.<locals>.app at 0x7049ac9044a0>
          └ APIRoute(path='/user/update/avatar', name='update_avatar', methods=['PUT'])
  File "/home/liujx/miniconda3/envs/py311/lib/python3.11/site-packages/starlette/routing.py", line 78, in app
    await wrap_app_handling_exceptions(app, request)(scope, receive, send)
          │                            │    │        │      │        └ <function wrap_app_handling_exceptions.<locals>.wrapped_app.<locals>.sender at 0x7049ac965260>
          │                            │    │        │      └ <function BaseHTTPMiddleware.__call__.<locals>.call_next.<locals>.receive_or_disconnect at 0x7049ac906fc0>
          │                            │    │        └ {'type': 'http', 'asgi': {'version': '3.0', 'spec_version': '2.3'}, 'http_version': '1.1', 'server': ('11.11.11.45', 8000), '...
          │                            │    └ <starlette.requests.Request object at 0x7049ac95b990>
          │                            └ <function request_response.<locals>.app.<locals>.app at 0x7049ac965300>
          └ <function wrap_app_handling_exceptions at 0x7049afa12840>
  File "/home/liujx/miniconda3/envs/py311/lib/python3.11/site-packages/starlette/_exception_handler.py", line 53, in wrapped_app
    raise exc
  File "/home/liujx/miniconda3/envs/py311/lib/python3.11/site-packages/starlette/_exception_handler.py", line 42, in wrapped_app
    await app(scope, receive, sender)
          │   │      │        └ <function wrap_app_handling_exceptions.<locals>.wrapped_app.<locals>.sender at 0x7049ac965440>
          │   │      └ <function BaseHTTPMiddleware.__call__.<locals>.call_next.<locals>.receive_or_disconnect at 0x7049ac906fc0>
          │   └ {'type': 'http', 'asgi': {'version': '3.0', 'spec_version': '2.3'}, 'http_version': '1.1', 'server': ('11.11.11.45', 8000), '...
          └ <function request_response.<locals>.app.<locals>.app at 0x7049ac965300>
  File "/home/liujx/miniconda3/envs/py311/lib/python3.11/site-packages/starlette/routing.py", line 75, in app
    response = await f(request)
                     │ └ <starlette.requests.Request object at 0x7049ac95b990>
                     └ <function get_request_handler.<locals>.app at 0x7049ac9045e0>
  File "/home/liujx/miniconda3/envs/py311/lib/python3.11/site-packages/fastapi/routing.py", line 302, in app
    raw_response = await run_endpoint_function(
                         └ <function run_endpoint_function at 0x7049b1438860>
  File "/home/liujx/miniconda3/envs/py311/lib/python3.11/site-packages/fastapi/routing.py", line 213, in run_endpoint_function
    return await dependant.call(**values)
                 │         │      └ {'user_id': 1952208313361891328, 'file': UploadFile(filename='截屏2025-06-23 15.46.02.png', size=473196, headers=Headers({'cont...
                 │         └ <function update_avatar at 0x7049ac8c5bc0>
                 └ Dependant(path_params=[], query_params=[], header_params=[], cookie_params=[], body_params=[ModelField(field_info=File(Pydant...

  File "/home/liujx/PROJ/taolele/user_api/routers/user.py", line 89, in update_avatar
    file_url = await oss_upload_image(file)
                     │                └ UploadFile(filename='截屏2025-06-23 15.46.02.png', size=473196, headers=Headers({'content-disposition': 'form-data; name="file"...
                     └ <function oss_upload_image at 0x7049ad312200>

  File "/home/liujx/PROJ/taolele/user_api/utils/alyoss.py", line 21, in oss_upload_image
    access_key_id = os.environ['ALIBABA_CLOUD_ACCESS_KEY_ID']
                    │  └ environ({'SHELL': '/bin/bash', 'COLORTERM': 'truecolor', 'VSCODE_DEBUGPY_ADAPTER_ENDPOINTS': '/home/liujx/.vscode-server/exte...
                    └ <module 'os' (frozen)>

  File "<frozen os>", line 678, in __getitem__

KeyError: 'ALIBABA_CLOUD_ACCESS_KEY_ID'
2025-08-05 11:49:13.837 | ERROR    | hooks.middlewares:log_middleware:11 - 发送异常了：
Traceback (most recent call last):

  File "<string>", line 1, in <module>
  File "/home/liujx/miniconda3/envs/py311/lib/python3.11/multiprocessing/spawn.py", line 120, in spawn_main
    exitcode = _main(fd, parent_sentinel)
               │     │   └ 4
               │     └ 7
               └ <function _main at 0x7ec796156700>
  File "/home/liujx/miniconda3/envs/py311/lib/python3.11/multiprocessing/spawn.py", line 133, in _main
    return self._bootstrap(parent_sentinel)
           │    │          └ 4
           │    └ <function BaseProcess._bootstrap at 0x7ec796068a40>
           └ <SpawnProcess name='SpawnProcess-6' parent=216814 started>
  File "/home/liujx/miniconda3/envs/py311/lib/python3.11/multiprocessing/process.py", line 314, in _bootstrap
    self.run()
    │    └ <function BaseProcess.run at 0x7ec79625ff60>
    └ <SpawnProcess name='SpawnProcess-6' parent=216814 started>
  File "/home/liujx/miniconda3/envs/py311/lib/python3.11/multiprocessing/process.py", line 108, in run
    self._target(*self._args, **self._kwargs)
    │    │        │    │        │    └ {'config': <uvicorn.config.Config object at 0x7ec795f1bd90>, 'target': <bound method Server.run of <uvicorn.server.Server obj...
    │    │        │    │        └ <SpawnProcess name='SpawnProcess-6' parent=216814 started>
    │    │        │    └ ()
    │    │        └ <SpawnProcess name='SpawnProcess-6' parent=216814 started>
    │    └ <function subprocess_started at 0x7ec795577a60>
    └ <SpawnProcess name='SpawnProcess-6' parent=216814 started>
  File "/home/liujx/miniconda3/envs/py311/lib/python3.11/site-packages/uvicorn/_subprocess.py", line 80, in subprocess_started
    target(sockets=sockets)
    │              └ [<socket.socket fd=3, family=2, type=1, proto=0, laddr=('0.0.0.0', 8000)>]
    └ <bound method Server.run of <uvicorn.server.Server object at 0x7ec7955fe250>>
  File "/home/liujx/miniconda3/envs/py311/lib/python3.11/site-packages/uvicorn/server.py", line 67, in run
    return asyncio.run(self.serve(sockets=sockets))
           │       │   │    │             └ [<socket.socket fd=3, family=2, type=1, proto=0, laddr=('0.0.0.0', 8000)>]
           │       │   │    └ <function Server.serve at 0x7ec795576700>
           │       │   └ <uvicorn.server.Server object at 0x7ec7955fe250>
           │       └ <function run at 0x7ec7958f3d80>
           └ <module 'asyncio' from '/home/liujx/miniconda3/envs/py311/lib/python3.11/asyncio/__init__.py'>
  File "/home/liujx/miniconda3/envs/py311/lib/python3.11/asyncio/runners.py", line 190, in run
    return runner.run(main)
           │      │   └ <coroutine object Server.serve at 0x7ec7955b6890>
           │      └ <function Runner.run at 0x7ec795967f60>
           └ <asyncio.runners.Runner object at 0x7ec7955fd8d0>
  File "/home/liujx/miniconda3/envs/py311/lib/python3.11/asyncio/runners.py", line 118, in run
    return self._loop.run_until_complete(task)
           │    │     │                  └ <Task pending name='Task-1' coro=<Server.serve() running at /home/liujx/miniconda3/envs/py311/lib/python3.11/site-packages/uv...
           │    │     └ <function BaseEventLoop.run_until_complete at 0x7ec795965b20>
           │    └ <_UnixSelectorEventLoop running=True closed=False debug=False>
           └ <asyncio.runners.Runner object at 0x7ec7955fd8d0>
  File "/home/liujx/miniconda3/envs/py311/lib/python3.11/asyncio/base_events.py", line 637, in run_until_complete
    self.run_forever()
    │    └ <function BaseEventLoop.run_forever at 0x7ec795965a80>
    └ <_UnixSelectorEventLoop running=True closed=False debug=False>
  File "/home/liujx/miniconda3/envs/py311/lib/python3.11/asyncio/base_events.py", line 604, in run_forever
    self._run_once()
    │    └ <function BaseEventLoop._run_once at 0x7ec795967880>
    └ <_UnixSelectorEventLoop running=True closed=False debug=False>
  File "/home/liujx/miniconda3/envs/py311/lib/python3.11/asyncio/base_events.py", line 1909, in _run_once
    handle._run()
    │      └ <function Handle._run at 0x7ec79590c7c0>
    └ <Handle Task.task_wakeup(<Future finished result=True>)>
  File "/home/liujx/miniconda3/envs/py311/lib/python3.11/asyncio/events.py", line 80, in _run
    self._context.run(self._callback, *self._args)
    │    │            │    │           │    └ <member '_args' of 'Handle' objects>
    │    │            │    │           └ <Handle Task.task_wakeup(<Future finished result=True>)>
    │    │            │    └ <member '_callback' of 'Handle' objects>
    │    │            └ <Handle Task.task_wakeup(<Future finished result=True>)>
    │    └ <member '_context' of 'Handle' objects>
    └ <Handle Task.task_wakeup(<Future finished result=True>)>
  File "/home/liujx/miniconda3/envs/py311/lib/python3.11/site-packages/uvicorn/protocols/http/h11_impl.py", line 403, in run_asgi
    result = await app(  # type: ignore[func-returns-value]
                   └ <uvicorn.middleware.proxy_headers.ProxyHeadersMiddleware object at 0x7ec7955fefd0>
  File "/home/liujx/miniconda3/envs/py311/lib/python3.11/site-packages/uvicorn/middleware/proxy_headers.py", line 60, in __call__
    return await self.app(scope, receive, send)
                 │    │   │      │        └ <bound method RequestResponseCycle.send of <uvicorn.protocols.http.h11_impl.RequestResponseCycle object at 0x7ec791643110>>
                 │    │   │      └ <bound method RequestResponseCycle.receive of <uvicorn.protocols.http.h11_impl.RequestResponseCycle object at 0x7ec791643110>>
                 │    │   └ {'type': 'http', 'asgi': {'version': '3.0', 'spec_version': '2.3'}, 'http_version': '1.1', 'server': ('11.11.11.45', 8000), '...
                 │    └ <fastapi.applications.FastAPI object at 0x7ec79458a110>
                 └ <uvicorn.middleware.proxy_headers.ProxyHeadersMiddleware object at 0x7ec7955fefd0>
  File "/home/liujx/miniconda3/envs/py311/lib/python3.11/site-packages/fastapi/applications.py", line 1054, in __call__
    await super().__call__(scope, receive, send)
                           │      │        └ <bound method RequestResponseCycle.send of <uvicorn.protocols.http.h11_impl.RequestResponseCycle object at 0x7ec791643110>>
                           │      └ <bound method RequestResponseCycle.receive of <uvicorn.protocols.http.h11_impl.RequestResponseCycle object at 0x7ec791643110>>
                           └ {'type': 'http', 'asgi': {'version': '3.0', 'spec_version': '2.3'}, 'http_version': '1.1', 'server': ('11.11.11.45', 8000), '...
  File "/home/liujx/miniconda3/envs/py311/lib/python3.11/site-packages/starlette/applications.py", line 113, in __call__
    await self.middleware_stack(scope, receive, send)
          │    │                │      │        └ <bound method RequestResponseCycle.send of <uvicorn.protocols.http.h11_impl.RequestResponseCycle object at 0x7ec791643110>>
          │    │                │      └ <bound method RequestResponseCycle.receive of <uvicorn.protocols.http.h11_impl.RequestResponseCycle object at 0x7ec791643110>>
          │    │                └ {'type': 'http', 'asgi': {'version': '3.0', 'spec_version': '2.3'}, 'http_version': '1.1', 'server': ('11.11.11.45', 8000), '...
          │    └ <starlette.middleware.errors.ServerErrorMiddleware object at 0x7ec7915c6210>
          └ <fastapi.applications.FastAPI object at 0x7ec79458a110>
  File "/home/liujx/miniconda3/envs/py311/lib/python3.11/site-packages/starlette/middleware/errors.py", line 164, in __call__
    await self.app(scope, receive, _send)
          │    │   │      │        └ <function ServerErrorMiddleware.__call__.<locals>._send at 0x7ec791602fc0>
          │    │   │      └ <bound method RequestResponseCycle.receive of <uvicorn.protocols.http.h11_impl.RequestResponseCycle object at 0x7ec791643110>>
          │    │   └ {'type': 'http', 'asgi': {'version': '3.0', 'spec_version': '2.3'}, 'http_version': '1.1', 'server': ('11.11.11.45', 8000), '...
          │    └ <starlette.middleware.base.BaseHTTPMiddleware object at 0x7ec7915d06d0>
          └ <starlette.middleware.errors.ServerErrorMiddleware object at 0x7ec7915c6210>
  File "/home/liujx/miniconda3/envs/py311/lib/python3.11/site-packages/starlette/middleware/base.py", line 184, in __call__
    response = await self.dispatch_func(request, call_next)
                     │    │             │        └ <function BaseHTTPMiddleware.__call__.<locals>.call_next at 0x7ec791603f60>
                     │    │             └ <starlette.middleware.base._CachedRequest object at 0x7ec79166c210>
                     │    └ <function log_middleware at 0x7ec795321800>
                     └ <starlette.middleware.base.BaseHTTPMiddleware object at 0x7ec7915d06d0>

> File "/home/liujx/PROJ/taolele/user_api/hooks/middlewares.py", line 7, in log_middleware
    response = await call_next(request)
                     │         └ <starlette.middleware.base._CachedRequest object at 0x7ec79166c210>
                     └ <function BaseHTTPMiddleware.__call__.<locals>.call_next at 0x7ec791603f60>

  File "/home/liujx/miniconda3/envs/py311/lib/python3.11/site-packages/starlette/middleware/base.py", line 159, in call_next
    raise app_exc
          └ KeyError('ALIBABA_CLOUD_ACCESS_KEY_ID')
  File "/home/liujx/miniconda3/envs/py311/lib/python3.11/site-packages/starlette/middleware/base.py", line 144, in coro
    await self.app(scope, receive_or_disconnect, send_no_error)
          │    │   │      │                      └ <function BaseHTTPMiddleware.__call__.<locals>.call_next.<locals>.send_no_error at 0x7ec791603e20>
          │    │   │      └ <function BaseHTTPMiddleware.__call__.<locals>.call_next.<locals>.receive_or_disconnect at 0x7ec791603060>
          │    │   └ {'type': 'http', 'asgi': {'version': '3.0', 'spec_version': '2.3'}, 'http_version': '1.1', 'server': ('11.11.11.45', 8000), '...
          │    └ <starlette.middleware.exceptions.ExceptionMiddleware object at 0x7ec7915d1c10>
          └ <starlette.middleware.base.BaseHTTPMiddleware object at 0x7ec7915d06d0>
  File "/home/liujx/miniconda3/envs/py311/lib/python3.11/site-packages/starlette/middleware/exceptions.py", line 63, in __call__
    await wrap_app_handling_exceptions(self.app, conn)(scope, receive, send)
          │                            │    │    │     │      │        └ <function BaseHTTPMiddleware.__call__.<locals>.call_next.<locals>.send_no_error at 0x7ec791603e20>
          │                            │    │    │     │      └ <function BaseHTTPMiddleware.__call__.<locals>.call_next.<locals>.receive_or_disconnect at 0x7ec791603060>
          │                            │    │    │     └ {'type': 'http', 'asgi': {'version': '3.0', 'spec_version': '2.3'}, 'http_version': '1.1', 'server': ('11.11.11.45', 8000), '...
          │                            │    │    └ <starlette.requests.Request object at 0x7ec79166dc90>
          │                            │    └ <fastapi.routing.APIRouter object at 0x7ec794158a90>
          │                            └ <starlette.middleware.exceptions.ExceptionMiddleware object at 0x7ec7915d1c10>
          └ <function wrap_app_handling_exceptions at 0x7ec7946d6840>
  File "/home/liujx/miniconda3/envs/py311/lib/python3.11/site-packages/starlette/_exception_handler.py", line 53, in wrapped_app
    raise exc
  File "/home/liujx/miniconda3/envs/py311/lib/python3.11/site-packages/starlette/_exception_handler.py", line 42, in wrapped_app
    await app(scope, receive, sender)
          │   │      │        └ <function wrap_app_handling_exceptions.<locals>.wrapped_app.<locals>.sender at 0x7ec791600b80>
          │   │      └ <function BaseHTTPMiddleware.__call__.<locals>.call_next.<locals>.receive_or_disconnect at 0x7ec791603060>
          │   └ {'type': 'http', 'asgi': {'version': '3.0', 'spec_version': '2.3'}, 'http_version': '1.1', 'server': ('11.11.11.45', 8000), '...
          └ <fastapi.routing.APIRouter object at 0x7ec794158a90>
  File "/home/liujx/miniconda3/envs/py311/lib/python3.11/site-packages/starlette/routing.py", line 716, in __call__
    await self.middleware_stack(scope, receive, send)
          │    │                │      │        └ <function wrap_app_handling_exceptions.<locals>.wrapped_app.<locals>.sender at 0x7ec791600b80>
          │    │                │      └ <function BaseHTTPMiddleware.__call__.<locals>.call_next.<locals>.receive_or_disconnect at 0x7ec791603060>
          │    │                └ {'type': 'http', 'asgi': {'version': '3.0', 'spec_version': '2.3'}, 'http_version': '1.1', 'server': ('11.11.11.45', 8000), '...
          │    └ <bound method Router.app of <fastapi.routing.APIRouter object at 0x7ec794158a90>>
          └ <fastapi.routing.APIRouter object at 0x7ec794158a90>
  File "/home/liujx/miniconda3/envs/py311/lib/python3.11/site-packages/starlette/routing.py", line 736, in app
    await route.handle(scope, receive, send)
          │     │      │      │        └ <function wrap_app_handling_exceptions.<locals>.wrapped_app.<locals>.sender at 0x7ec791600b80>
          │     │      │      └ <function BaseHTTPMiddleware.__call__.<locals>.call_next.<locals>.receive_or_disconnect at 0x7ec791603060>
          │     │      └ {'type': 'http', 'asgi': {'version': '3.0', 'spec_version': '2.3'}, 'http_version': '1.1', 'server': ('11.11.11.45', 8000), '...
          │     └ <function Route.handle at 0x7ec7946d7e20>
          └ APIRoute(path='/user/update/avatar', name='update_avatar', methods=['PUT'])
  File "/home/liujx/miniconda3/envs/py311/lib/python3.11/site-packages/starlette/routing.py", line 290, in handle
    await self.app(scope, receive, send)
          │    │   │      │        └ <function wrap_app_handling_exceptions.<locals>.wrapped_app.<locals>.sender at 0x7ec791600b80>
          │    │   │      └ <function BaseHTTPMiddleware.__call__.<locals>.call_next.<locals>.receive_or_disconnect at 0x7ec791603060>
          │    │   └ {'type': 'http', 'asgi': {'version': '3.0', 'spec_version': '2.3'}, 'http_version': '1.1', 'server': ('11.11.11.45', 8000), '...
          │    └ <function request_response.<locals>.app at 0x7ec7915cb1a0>
          └ APIRoute(path='/user/update/avatar', name='update_avatar', methods=['PUT'])
  File "/home/liujx/miniconda3/envs/py311/lib/python3.11/site-packages/starlette/routing.py", line 78, in app
    await wrap_app_handling_exceptions(app, request)(scope, receive, send)
          │                            │    │        │      │        └ <function wrap_app_handling_exceptions.<locals>.wrapped_app.<locals>.sender at 0x7ec791600b80>
          │                            │    │        │      └ <function BaseHTTPMiddleware.__call__.<locals>.call_next.<locals>.receive_or_disconnect at 0x7ec791603060>
          │                            │    │        └ {'type': 'http', 'asgi': {'version': '3.0', 'spec_version': '2.3'}, 'http_version': '1.1', 'server': ('11.11.11.45', 8000), '...
          │                            │    └ <starlette.requests.Request object at 0x7ec79166d150>
          │                            └ <function request_response.<locals>.app.<locals>.app at 0x7ec791667b00>
          └ <function wrap_app_handling_exceptions at 0x7ec7946d6840>
  File "/home/liujx/miniconda3/envs/py311/lib/python3.11/site-packages/starlette/_exception_handler.py", line 53, in wrapped_app
    raise exc
  File "/home/liujx/miniconda3/envs/py311/lib/python3.11/site-packages/starlette/_exception_handler.py", line 42, in wrapped_app
    await app(scope, receive, sender)
          │   │      │        └ <function wrap_app_handling_exceptions.<locals>.wrapped_app.<locals>.sender at 0x7ec7916679c0>
          │   │      └ <function BaseHTTPMiddleware.__call__.<locals>.call_next.<locals>.receive_or_disconnect at 0x7ec791603060>
          │   └ {'type': 'http', 'asgi': {'version': '3.0', 'spec_version': '2.3'}, 'http_version': '1.1', 'server': ('11.11.11.45', 8000), '...
          └ <function request_response.<locals>.app.<locals>.app at 0x7ec791667b00>
  File "/home/liujx/miniconda3/envs/py311/lib/python3.11/site-packages/starlette/routing.py", line 75, in app
    response = await f(request)
                     │ └ <starlette.requests.Request object at 0x7ec79166d150>
                     └ <function get_request_handler.<locals>.app at 0x7ec7915cb420>
  File "/home/liujx/miniconda3/envs/py311/lib/python3.11/site-packages/fastapi/routing.py", line 302, in app
    raw_response = await run_endpoint_function(
                         └ <function run_endpoint_function at 0x7ec7961a8860>
  File "/home/liujx/miniconda3/envs/py311/lib/python3.11/site-packages/fastapi/routing.py", line 213, in run_endpoint_function
    return await dependant.call(**values)
                 │         │      └ {'user_id': 1952208313361891328, 'file': UploadFile(filename='截屏2025-06-23 15.46.02.png', size=473196, headers=Headers({'cont...
                 │         └ <function update_avatar at 0x7ec7915c9940>
                 └ Dependant(path_params=[], query_params=[], header_params=[], cookie_params=[], body_params=[ModelField(field_info=File(Pydant...

  File "/home/liujx/PROJ/taolele/user_api/routers/user.py", line 89, in update_avatar
    file_url = await oss_upload_image(file)
                     │                └ UploadFile(filename='截屏2025-06-23 15.46.02.png', size=473196, headers=Headers({'content-disposition': 'form-data; name="file"...
                     └ <function oss_upload_image at 0x7ec794153060>

  File "/home/liujx/PROJ/taolele/user_api/utils/alyoss.py", line 21, in oss_upload_image
    access_key_id = os.environ['ALIBABA_CLOUD_ACCESS_KEY_ID']
                    │  └ environ({'SHELL': '/bin/bash', 'COLORTERM': 'truecolor', 'VSCODE_DEBUGPY_ADAPTER_ENDPOINTS': '/home/liujx/.vscode-server/exte...
                    └ <module 'os' (frozen)>

  File "<frozen os>", line 678, in __getitem__

KeyError: 'ALIBABA_CLOUD_ACCESS_KEY_ID'
2025-08-05 11:50:34.513 | ERROR    | hooks.middlewares:log_middleware:11 - 发送异常了：
Traceback (most recent call last):

  File "/home/liujx/miniconda3/envs/py311/lib/python3.11/site-packages/anyio/streams/memory.py", line 111, in receive
    return self.receive_nowait()
           │    └ <function MemoryObjectReceiveStream.receive_nowait at 0x708aab825d00>
           └ MemoryObjectReceiveStream(_state=MemoryObjectStreamState(max_buffer_size=0, buffer=deque([]), open_send_channels=0, open_rece...
  File "/home/liujx/miniconda3/envs/py311/lib/python3.11/site-packages/anyio/streams/memory.py", line 106, in receive_nowait
    raise WouldBlock
          └ <class 'anyio.WouldBlock'>

anyio.WouldBlock


During handling of the above exception, another exception occurred:


Traceback (most recent call last):

  File "/home/liujx/miniconda3/envs/py311/lib/python3.11/site-packages/anyio/streams/memory.py", line 124, in receive
    return receiver.item
           └ MemoryObjectItemReceiver(task_info=AsyncIOTaskInfo(id=123740831517952, name='Task-4'), item=None)

AttributeError: 'MemoryObjectItemReceiver' object has no attribute 'item'


During handling of the above exception, another exception occurred:


Traceback (most recent call last):

  File "/home/liujx/miniconda3/envs/py311/lib/python3.11/site-packages/starlette/middleware/base.py", line 151, in call_next
    message = await recv_stream.receive()
                    │           └ <function MemoryObjectReceiveStream.receive at 0x708aab825da0>
                    └ MemoryObjectReceiveStream(_state=MemoryObjectStreamState(max_buffer_size=0, buffer=deque([]), open_send_channels=0, open_rece...
  File "/home/liujx/miniconda3/envs/py311/lib/python3.11/site-packages/anyio/streams/memory.py", line 126, in receive
    raise EndOfStream
          └ <class 'anyio.EndOfStream'>

anyio.EndOfStream


During handling of the above exception, another exception occurred:


Traceback (most recent call last):

  File "<string>", line 1, in <module>
  File "/home/liujx/miniconda3/envs/py311/lib/python3.11/multiprocessing/spawn.py", line 120, in spawn_main
    exitcode = _main(fd, parent_sentinel)
               │     │   └ 4
               │     └ 7
               └ <function _main at 0x708aacfea700>
  File "/home/liujx/miniconda3/envs/py311/lib/python3.11/multiprocessing/spawn.py", line 133, in _main
    return self._bootstrap(parent_sentinel)
           │    │          └ 4
           │    └ <function BaseProcess._bootstrap at 0x708aad0fca40>
           └ <SpawnProcess name='SpawnProcess-1' parent=232744 started>
  File "/home/liujx/miniconda3/envs/py311/lib/python3.11/multiprocessing/process.py", line 314, in _bootstrap
    self.run()
    │    └ <function BaseProcess.run at 0x708aad0f3f60>
    └ <SpawnProcess name='SpawnProcess-1' parent=232744 started>
  File "/home/liujx/miniconda3/envs/py311/lib/python3.11/multiprocessing/process.py", line 108, in run
    self._target(*self._args, **self._kwargs)
    │    │        │    │        │    └ {'config': <uvicorn.config.Config object at 0x708aac433a50>, 'target': <bound method Server.run of <uvicorn.server.Server obj...
    │    │        │    │        └ <SpawnProcess name='SpawnProcess-1' parent=232744 started>
    │    │        │    └ ()
    │    │        └ <SpawnProcess name='SpawnProcess-1' parent=232744 started>
    │    └ <function subprocess_started at 0x708aac417a60>
    └ <SpawnProcess name='SpawnProcess-1' parent=232744 started>
  File "/home/liujx/miniconda3/envs/py311/lib/python3.11/site-packages/uvicorn/_subprocess.py", line 80, in subprocess_started
    target(sockets=sockets)
    │              └ [<socket.socket fd=3, family=2, type=1, proto=0, laddr=('0.0.0.0', 8000)>]
    └ <bound method Server.run of <uvicorn.server.Server object at 0x708aac49a710>>
  File "/home/liujx/miniconda3/envs/py311/lib/python3.11/site-packages/uvicorn/server.py", line 67, in run
    return asyncio.run(self.serve(sockets=sockets))
           │       │   │    │             └ [<socket.socket fd=3, family=2, type=1, proto=0, laddr=('0.0.0.0', 8000)>]
           │       │   │    └ <function Server.serve at 0x708aac416700>
           │       │   └ <uvicorn.server.Server object at 0x708aac49a710>
           │       └ <function run at 0x708aac70bd80>
           └ <module 'asyncio' from '/home/liujx/miniconda3/envs/py311/lib/python3.11/asyncio/__init__.py'>
  File "/home/liujx/miniconda3/envs/py311/lib/python3.11/asyncio/runners.py", line 190, in run
    return runner.run(main)
           │      │   └ <coroutine object Server.serve at 0x708aac456890>
           │      └ <function Runner.run at 0x708aac77ff60>
           └ <asyncio.runners.Runner object at 0x708aac499d50>
  File "/home/liujx/miniconda3/envs/py311/lib/python3.11/asyncio/runners.py", line 118, in run
    return self._loop.run_until_complete(task)
           │    │     │                  └ <Task pending name='Task-1' coro=<Server.serve() running at /home/liujx/miniconda3/envs/py311/lib/python3.11/site-packages/uv...
           │    │     └ <function BaseEventLoop.run_until_complete at 0x708aac77db20>
           │    └ <_UnixSelectorEventLoop running=True closed=False debug=False>
           └ <asyncio.runners.Runner object at 0x708aac499d50>
  File "/home/liujx/miniconda3/envs/py311/lib/python3.11/asyncio/base_events.py", line 637, in run_until_complete
    self.run_forever()
    │    └ <function BaseEventLoop.run_forever at 0x708aac77da80>
    └ <_UnixSelectorEventLoop running=True closed=False debug=False>
  File "/home/liujx/miniconda3/envs/py311/lib/python3.11/asyncio/base_events.py", line 604, in run_forever
    self._run_once()
    │    └ <function BaseEventLoop._run_once at 0x708aac77f880>
    └ <_UnixSelectorEventLoop running=True closed=False debug=False>
  File "/home/liujx/miniconda3/envs/py311/lib/python3.11/asyncio/base_events.py", line 1909, in _run_once
    handle._run()
    │      └ <function Handle._run at 0x708aac7247c0>
    └ <Handle Task.task_wakeup(<Future finished result=True>)>
  File "/home/liujx/miniconda3/envs/py311/lib/python3.11/asyncio/events.py", line 80, in _run
    self._context.run(self._callback, *self._args)
    │    │            │    │           │    └ <member '_args' of 'Handle' objects>
    │    │            │    │           └ <Handle Task.task_wakeup(<Future finished result=True>)>
    │    │            │    └ <member '_callback' of 'Handle' objects>
    │    │            └ <Handle Task.task_wakeup(<Future finished result=True>)>
    │    └ <member '_context' of 'Handle' objects>
    └ <Handle Task.task_wakeup(<Future finished result=True>)>
  File "/home/liujx/miniconda3/envs/py311/lib/python3.11/site-packages/uvicorn/protocols/http/h11_impl.py", line 403, in run_asgi
    result = await app(  # type: ignore[func-returns-value]
                   └ <uvicorn.middleware.proxy_headers.ProxyHeadersMiddleware object at 0x708aac49bbd0>
  File "/home/liujx/miniconda3/envs/py311/lib/python3.11/site-packages/uvicorn/middleware/proxy_headers.py", line 60, in __call__
    return await self.app(scope, receive, send)
                 │    │   │      │        └ <bound method RequestResponseCycle.send of <uvicorn.protocols.http.h11_impl.RequestResponseCycle object at 0x708aa84fbbd0>>
                 │    │   │      └ <bound method RequestResponseCycle.receive of <uvicorn.protocols.http.h11_impl.RequestResponseCycle object at 0x708aa84fbbd0>>
                 │    │   └ {'type': 'http', 'asgi': {'version': '3.0', 'spec_version': '2.3'}, 'http_version': '1.1', 'server': ('11.11.11.45', 8000), '...
                 │    └ <fastapi.applications.FastAPI object at 0x708aab4c61d0>
                 └ <uvicorn.middleware.proxy_headers.ProxyHeadersMiddleware object at 0x708aac49bbd0>
  File "/home/liujx/miniconda3/envs/py311/lib/python3.11/site-packages/fastapi/applications.py", line 1054, in __call__
    await super().__call__(scope, receive, send)
                           │      │        └ <bound method RequestResponseCycle.send of <uvicorn.protocols.http.h11_impl.RequestResponseCycle object at 0x708aa84fbbd0>>
                           │      └ <bound method RequestResponseCycle.receive of <uvicorn.protocols.http.h11_impl.RequestResponseCycle object at 0x708aa84fbbd0>>
                           └ {'type': 'http', 'asgi': {'version': '3.0', 'spec_version': '2.3'}, 'http_version': '1.1', 'server': ('11.11.11.45', 8000), '...
  File "/home/liujx/miniconda3/envs/py311/lib/python3.11/site-packages/starlette/applications.py", line 113, in __call__
    await self.middleware_stack(scope, receive, send)
          │    │                │      │        └ <bound method RequestResponseCycle.send of <uvicorn.protocols.http.h11_impl.RequestResponseCycle object at 0x708aa84fbbd0>>
          │    │                │      └ <bound method RequestResponseCycle.receive of <uvicorn.protocols.http.h11_impl.RequestResponseCycle object at 0x708aa84fbbd0>>
          │    │                └ {'type': 'http', 'asgi': {'version': '3.0', 'spec_version': '2.3'}, 'http_version': '1.1', 'server': ('11.11.11.45', 8000), '...
          │    └ <starlette.middleware.errors.ServerErrorMiddleware object at 0x708aaabd3c50>
          └ <fastapi.applications.FastAPI object at 0x708aab4c61d0>
  File "/home/liujx/miniconda3/envs/py311/lib/python3.11/site-packages/starlette/middleware/errors.py", line 164, in __call__
    await self.app(scope, receive, _send)
          │    │   │      │        └ <function ServerErrorMiddleware.__call__.<locals>._send at 0x708aac48fce0>
          │    │   │      └ <bound method RequestResponseCycle.receive of <uvicorn.protocols.http.h11_impl.RequestResponseCycle object at 0x708aa84fbbd0>>
          │    │   └ {'type': 'http', 'asgi': {'version': '3.0', 'spec_version': '2.3'}, 'http_version': '1.1', 'server': ('11.11.11.45', 8000), '...
          │    └ <starlette.middleware.base.BaseHTTPMiddleware object at 0x708aa84c7750>
          └ <starlette.middleware.errors.ServerErrorMiddleware object at 0x708aaabd3c50>
  File "/home/liujx/miniconda3/envs/py311/lib/python3.11/site-packages/starlette/middleware/base.py", line 184, in __call__
    response = await self.dispatch_func(request, call_next)
                     │    │             │        └ <function BaseHTTPMiddleware.__call__.<locals>.call_next at 0x708aa84e6de0>
                     │    │             └ <starlette.middleware.base._CachedRequest object at 0x708aa84fbd50>
                     │    └ <function log_middleware at 0x708aac205800>
                     └ <starlette.middleware.base.BaseHTTPMiddleware object at 0x708aa84c7750>

> File "/home/liujx/PROJ/taolele/user_api/hooks/middlewares.py", line 7, in log_middleware
    response = await call_next(request)
                     │         └ <starlette.middleware.base._CachedRequest object at 0x708aa84fbd50>
                     └ <function BaseHTTPMiddleware.__call__.<locals>.call_next at 0x708aa84e6de0>

  File "/home/liujx/miniconda3/envs/py311/lib/python3.11/site-packages/starlette/middleware/base.py", line 159, in call_next
    raise app_exc
          └ AttributeError("'UserStub' object has no attribute 'UpdateAvatar'")
  File "/home/liujx/miniconda3/envs/py311/lib/python3.11/site-packages/starlette/middleware/base.py", line 144, in coro
    await self.app(scope, receive_or_disconnect, send_no_error)
          │    │   │      │                      └ <function BaseHTTPMiddleware.__call__.<locals>.call_next.<locals>.send_no_error at 0x708aa84e7e20>
          │    │   │      └ <function BaseHTTPMiddleware.__call__.<locals>.call_next.<locals>.receive_or_disconnect at 0x708aa84e7c40>
          │    │   └ {'type': 'http', 'asgi': {'version': '3.0', 'spec_version': '2.3'}, 'http_version': '1.1', 'server': ('11.11.11.45', 8000), '...
          │    └ <starlette.middleware.exceptions.ExceptionMiddleware object at 0x708aa84c70d0>
          └ <starlette.middleware.base.BaseHTTPMiddleware object at 0x708aa84c7750>
  File "/home/liujx/miniconda3/envs/py311/lib/python3.11/site-packages/starlette/middleware/exceptions.py", line 63, in __call__
    await wrap_app_handling_exceptions(self.app, conn)(scope, receive, send)
          │                            │    │    │     │      │        └ <function BaseHTTPMiddleware.__call__.<locals>.call_next.<locals>.send_no_error at 0x708aa84e7e20>
          │                            │    │    │     │      └ <function BaseHTTPMiddleware.__call__.<locals>.call_next.<locals>.receive_or_disconnect at 0x708aa84e7c40>
          │                            │    │    │     └ {'type': 'http', 'asgi': {'version': '3.0', 'spec_version': '2.3'}, 'http_version': '1.1', 'server': ('11.11.11.45', 8000), '...
          │                            │    │    └ <starlette.requests.Request object at 0x708aa8518810>
          │                            │    └ <fastapi.routing.APIRouter object at 0x708aa84a9850>
          │                            └ <starlette.middleware.exceptions.ExceptionMiddleware object at 0x708aa84c70d0>
          └ <function wrap_app_handling_exceptions at 0x708aab60e840>
  File "/home/liujx/miniconda3/envs/py311/lib/python3.11/site-packages/starlette/_exception_handler.py", line 53, in wrapped_app
    raise exc
  File "/home/liujx/miniconda3/envs/py311/lib/python3.11/site-packages/starlette/_exception_handler.py", line 42, in wrapped_app
    await app(scope, receive, sender)
          │   │      │        └ <function wrap_app_handling_exceptions.<locals>.wrapped_app.<locals>.sender at 0x708aa854cea0>
          │   │      └ <function BaseHTTPMiddleware.__call__.<locals>.call_next.<locals>.receive_or_disconnect at 0x708aa84e7c40>
          │   └ {'type': 'http', 'asgi': {'version': '3.0', 'spec_version': '2.3'}, 'http_version': '1.1', 'server': ('11.11.11.45', 8000), '...
          └ <fastapi.routing.APIRouter object at 0x708aa84a9850>
  File "/home/liujx/miniconda3/envs/py311/lib/python3.11/site-packages/starlette/routing.py", line 716, in __call__
    await self.middleware_stack(scope, receive, send)
          │    │                │      │        └ <function wrap_app_handling_exceptions.<locals>.wrapped_app.<locals>.sender at 0x708aa854cea0>
          │    │                │      └ <function BaseHTTPMiddleware.__call__.<locals>.call_next.<locals>.receive_or_disconnect at 0x708aa84e7c40>
          │    │                └ {'type': 'http', 'asgi': {'version': '3.0', 'spec_version': '2.3'}, 'http_version': '1.1', 'server': ('11.11.11.45', 8000), '...
          │    └ <bound method Router.app of <fastapi.routing.APIRouter object at 0x708aa84a9850>>
          └ <fastapi.routing.APIRouter object at 0x708aa84a9850>
  File "/home/liujx/miniconda3/envs/py311/lib/python3.11/site-packages/starlette/routing.py", line 736, in app
    await route.handle(scope, receive, send)
          │     │      │      │        └ <function wrap_app_handling_exceptions.<locals>.wrapped_app.<locals>.sender at 0x708aa854cea0>
          │     │      │      └ <function BaseHTTPMiddleware.__call__.<locals>.call_next.<locals>.receive_or_disconnect at 0x708aa84e7c40>
          │     │      └ {'type': 'http', 'asgi': {'version': '3.0', 'spec_version': '2.3'}, 'http_version': '1.1', 'server': ('11.11.11.45', 8000), '...
          │     └ <function Route.handle at 0x708aab60fe20>
          └ APIRoute(path='/user/update/avatar', name='update_avatar', methods=['PUT'])
  File "/home/liujx/miniconda3/envs/py311/lib/python3.11/site-packages/starlette/routing.py", line 290, in handle
    await self.app(scope, receive, send)
          │    │   │      │        └ <function wrap_app_handling_exceptions.<locals>.wrapped_app.<locals>.sender at 0x708aa854cea0>
          │    │   │      └ <function BaseHTTPMiddleware.__call__.<locals>.call_next.<locals>.receive_or_disconnect at 0x708aa84e7c40>
          │    │   └ {'type': 'http', 'asgi': {'version': '3.0', 'spec_version': '2.3'}, 'http_version': '1.1', 'server': ('11.11.11.45', 8000), '...
          │    └ <function request_response.<locals>.app at 0x708aa84aef20>
          └ APIRoute(path='/user/update/avatar', name='update_avatar', methods=['PUT'])
  File "/home/liujx/miniconda3/envs/py311/lib/python3.11/site-packages/starlette/routing.py", line 78, in app
    await wrap_app_handling_exceptions(app, request)(scope, receive, send)
          │                            │    │        │      │        └ <function wrap_app_handling_exceptions.<locals>.wrapped_app.<locals>.sender at 0x708aa854cea0>
          │                            │    │        │      └ <function BaseHTTPMiddleware.__call__.<locals>.call_next.<locals>.receive_or_disconnect at 0x708aa84e7c40>
          │                            │    │        └ {'type': 'http', 'asgi': {'version': '3.0', 'spec_version': '2.3'}, 'http_version': '1.1', 'server': ('11.11.11.45', 8000), '...
          │                            │    └ <starlette.requests.Request object at 0x708aa8518850>
          │                            └ <function request_response.<locals>.app.<locals>.app at 0x708aa854cf40>
          └ <function wrap_app_handling_exceptions at 0x708aab60e840>
  File "/home/liujx/miniconda3/envs/py311/lib/python3.11/site-packages/starlette/_exception_handler.py", line 53, in wrapped_app
    raise exc
  File "/home/liujx/miniconda3/envs/py311/lib/python3.11/site-packages/starlette/_exception_handler.py", line 42, in wrapped_app
    await app(scope, receive, sender)
          │   │      │        └ <function wrap_app_handling_exceptions.<locals>.wrapped_app.<locals>.sender at 0x708aa854d080>
          │   │      └ <function BaseHTTPMiddleware.__call__.<locals>.call_next.<locals>.receive_or_disconnect at 0x708aa84e7c40>
          │   └ {'type': 'http', 'asgi': {'version': '3.0', 'spec_version': '2.3'}, 'http_version': '1.1', 'server': ('11.11.11.45', 8000), '...
          └ <function request_response.<locals>.app.<locals>.app at 0x708aa854cf40>
  File "/home/liujx/miniconda3/envs/py311/lib/python3.11/site-packages/starlette/routing.py", line 75, in app
    response = await f(request)
                     │ └ <starlette.requests.Request object at 0x708aa8518850>
                     └ <function get_request_handler.<locals>.app at 0x708aa84aeca0>
  File "/home/liujx/miniconda3/envs/py311/lib/python3.11/site-packages/fastapi/routing.py", line 302, in app
    raw_response = await run_endpoint_function(
                         └ <function run_endpoint_function at 0x708aad03c860>
  File "/home/liujx/miniconda3/envs/py311/lib/python3.11/site-packages/fastapi/routing.py", line 213, in run_endpoint_function
    return await dependant.call(**values)
                 │         │      └ {'user_id': 1952208313361891328, 'file': UploadFile(filename='截屏2025-06-23 15.46.02.png', size=473196, headers=Headers({'cont...
                 │         └ <function update_avatar at 0x708aa84ad8a0>
                 └ Dependant(path_params=[], query_params=[], header_params=[], cookie_params=[], body_params=[ModelField(field_info=File(Pydant...

  File "/home/liujx/PROJ/taolele/user_api/routers/user.py", line 92, in update_avatar
    await user_service_client.update_avatar(user_id, file_url)
          │                   │             │        └ 'https://taogoumy.oss-cn-hangzhou.aliyuncs.com/544bdeda-a196-4ed4-aad6-f50d0a042fb7.png'
          │                   │             └ 1952208313361891328
          │                   └ <function UserServiceClient.update_avatar at 0x708aa8f24360>
          └ <services.user.UserServiceClient object at 0x708aa849b9d0>

  File "/home/liujx/PROJ/taolele/user_api/services/decroators.py", line 11, in wrapper
    result = await func(*args, **kwargs)
                   │     │       └ {}
                   │     └ (<services.user.UserServiceClient object at 0x708aa849b9d0>, 1952208313361891328, 'https://taogoumy.oss-cn-hangzhou.aliyuncs....
                   └ <function UserServiceClient.update_avatar at 0x708aa8f242c0>

  File "/home/liujx/PROJ/taolele/user_api/services/user.py", line 43, in update_avatar
    await stub.UpdateAvatar(request)
          │                 └ id: 1952208313361891328
          │                   avatar: "https://taogoumy.oss-cn-hangzhou.aliyuncs.com/544bdeda-a196-4ed4-aad6-f50d0a042fb7.png"
          │                   
          └ <services.protos.user_pb2_grpc.UserStub object at 0x708aa8542950>

AttributeError: 'UserStub' object has no attribute 'UpdateAvatar'
2025-08-07 16:18:40.496 | ERROR    | hooks.middlewares:log_middleware:11 - 发送异常了：
Traceback (most recent call last):

  File "/home/liujx/miniconda3/envs/py311/lib/python3.11/site-packages/anyio/streams/memory.py", line 111, in receive
    return self.receive_nowait()
           │    └ <function MemoryObjectReceiveStream.receive_nowait at 0x7e7e37af9b20>
           └ MemoryObjectReceiveStream(_state=MemoryObjectStreamState(max_buffer_size=0, buffer=deque([]), open_send_channels=0, open_rece...
  File "/home/liujx/miniconda3/envs/py311/lib/python3.11/site-packages/anyio/streams/memory.py", line 106, in receive_nowait
    raise WouldBlock
          └ <class 'anyio.WouldBlock'>

anyio.WouldBlock


During handling of the above exception, another exception occurred:


Traceback (most recent call last):

  File "/home/liujx/miniconda3/envs/py311/lib/python3.11/site-packages/anyio/streams/memory.py", line 124, in receive
    return receiver.item
           └ MemoryObjectItemReceiver(task_info=AsyncIOTaskInfo(id=139080512920000, name='Task-7'), item=None)

AttributeError: 'MemoryObjectItemReceiver' object has no attribute 'item'


During handling of the above exception, another exception occurred:


Traceback (most recent call last):

  File "/home/liujx/miniconda3/envs/py311/lib/python3.11/site-packages/starlette/middleware/base.py", line 151, in call_next
    message = await recv_stream.receive()
                    │           └ <function MemoryObjectReceiveStream.receive at 0x7e7e37af9bc0>
                    └ MemoryObjectReceiveStream(_state=MemoryObjectStreamState(max_buffer_size=0, buffer=deque([]), open_send_channels=0, open_rece...
  File "/home/liujx/miniconda3/envs/py311/lib/python3.11/site-packages/anyio/streams/memory.py", line 126, in receive
    raise EndOfStream
          └ <class 'anyio.EndOfStream'>

anyio.EndOfStream


During handling of the above exception, another exception occurred:


Traceback (most recent call last):

  File "<string>", line 1, in <module>
  File "/home/liujx/miniconda3/envs/py311/lib/python3.11/multiprocessing/spawn.py", line 120, in spawn_main
    exitcode = _main(fd, parent_sentinel)
               │     │   └ 4
               │     └ 7
               └ <function _main at 0x7e7e393ea520>
  File "/home/liujx/miniconda3/envs/py311/lib/python3.11/multiprocessing/spawn.py", line 133, in _main
    return self._bootstrap(parent_sentinel)
           │    │          └ 4
           │    └ <function BaseProcess._bootstrap at 0x7e7e394fc860>
           └ <SpawnProcess name='SpawnProcess-8' parent=783614 started>
  File "/home/liujx/miniconda3/envs/py311/lib/python3.11/multiprocessing/process.py", line 314, in _bootstrap
    self.run()
    │    └ <function BaseProcess.run at 0x7e7e394f3d80>
    └ <SpawnProcess name='SpawnProcess-8' parent=783614 started>
  File "/home/liujx/miniconda3/envs/py311/lib/python3.11/multiprocessing/process.py", line 108, in run
    self._target(*self._args, **self._kwargs)
    │    │        │    │        │    └ {'config': <uvicorn.config.Config object at 0x7e7e389be4d0>, 'target': <bound method Server.run of <uvicorn.server.Server obj...
    │    │        │    │        └ <SpawnProcess name='SpawnProcess-8' parent=783614 started>
    │    │        │    └ ()
    │    │        └ <SpawnProcess name='SpawnProcess-8' parent=783614 started>
    │    └ <function subprocess_started at 0x7e7e3881b880>
    └ <SpawnProcess name='SpawnProcess-8' parent=783614 started>
  File "/home/liujx/miniconda3/envs/py311/lib/python3.11/site-packages/uvicorn/_subprocess.py", line 80, in subprocess_started
    target(sockets=sockets)
    │              └ [<socket.socket fd=3, family=2, type=1, proto=0, laddr=('0.0.0.0', 8000)>]
    └ <bound method Server.run of <uvicorn.server.Server object at 0x7e7e3889a3d0>>
  File "/home/liujx/miniconda3/envs/py311/lib/python3.11/site-packages/uvicorn/server.py", line 67, in run
    return asyncio.run(self.serve(sockets=sockets))
           │       │   │    │             └ [<socket.socket fd=3, family=2, type=1, proto=0, laddr=('0.0.0.0', 8000)>]
           │       │   │    └ <function Server.serve at 0x7e7e3881a520>
           │       │   └ <uvicorn.server.Server object at 0x7e7e3889a3d0>
           │       └ <function run at 0x7e7e38b0bba0>
           └ <module 'asyncio' from '/home/liujx/miniconda3/envs/py311/lib/python3.11/asyncio/__init__.py'>
  File "/home/liujx/miniconda3/envs/py311/lib/python3.11/asyncio/runners.py", line 190, in run
    return runner.run(main)
           │      │   └ <coroutine object Server.serve at 0x7e7e38856980>
           │      └ <function Runner.run at 0x7e7e38b7fd80>
           └ <asyncio.runners.Runner object at 0x7e7e38899990>
  File "/home/liujx/miniconda3/envs/py311/lib/python3.11/asyncio/runners.py", line 118, in run
    return self._loop.run_until_complete(task)
           │    │     │                  └ <Task pending name='Task-1' coro=<Server.serve() running at /home/liujx/miniconda3/envs/py311/lib/python3.11/site-packages/uv...
           │    │     └ <function BaseEventLoop.run_until_complete at 0x7e7e38b7d940>
           │    └ <_UnixSelectorEventLoop running=True closed=False debug=False>
           └ <asyncio.runners.Runner object at 0x7e7e38899990>
  File "/home/liujx/miniconda3/envs/py311/lib/python3.11/asyncio/base_events.py", line 637, in run_until_complete
    self.run_forever()
    │    └ <function BaseEventLoop.run_forever at 0x7e7e38b7d8a0>
    └ <_UnixSelectorEventLoop running=True closed=False debug=False>
  File "/home/liujx/miniconda3/envs/py311/lib/python3.11/asyncio/base_events.py", line 604, in run_forever
    self._run_once()
    │    └ <function BaseEventLoop._run_once at 0x7e7e38b7f6a0>
    └ <_UnixSelectorEventLoop running=True closed=False debug=False>
  File "/home/liujx/miniconda3/envs/py311/lib/python3.11/asyncio/base_events.py", line 1909, in _run_once
    handle._run()
    │      └ <function Handle._run at 0x7e7e38b285e0>
    └ <Handle Task.task_wakeup(<Future finished result=True>)>
  File "/home/liujx/miniconda3/envs/py311/lib/python3.11/asyncio/events.py", line 80, in _run
    self._context.run(self._callback, *self._args)
    │    │            │    │           │    └ <member '_args' of 'Handle' objects>
    │    │            │    │           └ <Handle Task.task_wakeup(<Future finished result=True>)>
    │    │            │    └ <member '_callback' of 'Handle' objects>
    │    │            └ <Handle Task.task_wakeup(<Future finished result=True>)>
    │    └ <member '_context' of 'Handle' objects>
    └ <Handle Task.task_wakeup(<Future finished result=True>)>
  File "/home/liujx/miniconda3/envs/py311/lib/python3.11/site-packages/uvicorn/protocols/http/h11_impl.py", line 403, in run_asgi
    result = await app(  # type: ignore[func-returns-value]
                   └ <uvicorn.middleware.proxy_headers.ProxyHeadersMiddleware object at 0x7e7e3889b8d0>
  File "/home/liujx/miniconda3/envs/py311/lib/python3.11/site-packages/uvicorn/middleware/proxy_headers.py", line 60, in __call__
    return await self.app(scope, receive, send)
                 │    │   │      │        └ <bound method RequestResponseCycle.send of <uvicorn.protocols.http.h11_impl.RequestResponseCycle object at 0x7e7e2ff0db50>>
                 │    │   │      └ <bound method RequestResponseCycle.receive of <uvicorn.protocols.http.h11_impl.RequestResponseCycle object at 0x7e7e2ff0db50>>
                 │    │   └ {'type': 'http', 'asgi': {'version': '3.0', 'spec_version': '2.3'}, 'http_version': '1.1', 'server': ('11.11.11.45', 8000), '...
                 │    └ <fastapi.applications.FastAPI object at 0x7e7e3793a690>
                 └ <uvicorn.middleware.proxy_headers.ProxyHeadersMiddleware object at 0x7e7e3889b8d0>
  File "/home/liujx/miniconda3/envs/py311/lib/python3.11/site-packages/fastapi/applications.py", line 1054, in __call__
    await super().__call__(scope, receive, send)
                           │      │        └ <bound method RequestResponseCycle.send of <uvicorn.protocols.http.h11_impl.RequestResponseCycle object at 0x7e7e2ff0db50>>
                           │      └ <bound method RequestResponseCycle.receive of <uvicorn.protocols.http.h11_impl.RequestResponseCycle object at 0x7e7e2ff0db50>>
                           └ {'type': 'http', 'asgi': {'version': '3.0', 'spec_version': '2.3'}, 'http_version': '1.1', 'server': ('11.11.11.45', 8000), '...
  File "/home/liujx/miniconda3/envs/py311/lib/python3.11/site-packages/starlette/applications.py", line 113, in __call__
    await self.middleware_stack(scope, receive, send)
          │    │                │      │        └ <bound method RequestResponseCycle.send of <uvicorn.protocols.http.h11_impl.RequestResponseCycle object at 0x7e7e2ff0db50>>
          │    │                │      └ <bound method RequestResponseCycle.receive of <uvicorn.protocols.http.h11_impl.RequestResponseCycle object at 0x7e7e2ff0db50>>
          │    │                └ {'type': 'http', 'asgi': {'version': '3.0', 'spec_version': '2.3'}, 'http_version': '1.1', 'server': ('11.11.11.45', 8000), '...
          │    └ <starlette.middleware.errors.ServerErrorMiddleware object at 0x7e7e348d90d0>
          └ <fastapi.applications.FastAPI object at 0x7e7e3793a690>
  File "/home/liujx/miniconda3/envs/py311/lib/python3.11/site-packages/starlette/middleware/errors.py", line 164, in __call__
    await self.app(scope, receive, _send)
          │    │   │      │        └ <function ServerErrorMiddleware.__call__.<locals>._send at 0x7e7e3493c680>
          │    │   │      └ <bound method RequestResponseCycle.receive of <uvicorn.protocols.http.h11_impl.RequestResponseCycle object at 0x7e7e2ff0db50>>
          │    │   └ {'type': 'http', 'asgi': {'version': '3.0', 'spec_version': '2.3'}, 'http_version': '1.1', 'server': ('11.11.11.45', 8000), '...
          │    └ <starlette.middleware.base.BaseHTTPMiddleware object at 0x7e7e348d8590>
          └ <starlette.middleware.errors.ServerErrorMiddleware object at 0x7e7e348d90d0>
  File "/home/liujx/miniconda3/envs/py311/lib/python3.11/site-packages/starlette/middleware/base.py", line 184, in __call__
    response = await self.dispatch_func(request, call_next)
                     │    │             │        └ <function BaseHTTPMiddleware.__call__.<locals>.call_next at 0x7e7e3493d580>
                     │    │             └ <starlette.middleware.base._CachedRequest object at 0x7e7e34935610>
                     │    └ <function log_middleware at 0x7e7e38615620>
                     └ <starlette.middleware.base.BaseHTTPMiddleware object at 0x7e7e348d8590>

> File "/home/liujx/PROJ/taolele/user_api/hooks/middlewares.py", line 7, in log_middleware
    response = await call_next(request)
                     │         └ <starlette.middleware.base._CachedRequest object at 0x7e7e34935610>
                     └ <function BaseHTTPMiddleware.__call__.<locals>.call_next at 0x7e7e3493d580>

  File "/home/liujx/miniconda3/envs/py311/lib/python3.11/site-packages/starlette/middleware/base.py", line 159, in call_next
    raise app_exc
          └ AttributeError("module 'services.protos.user_pb2_grpc' has no attribute 'AddressStub'")
  File "/home/liujx/miniconda3/envs/py311/lib/python3.11/site-packages/starlette/middleware/base.py", line 144, in coro
    await self.app(scope, receive_or_disconnect, send_no_error)
          │    │   │      │                      └ <function BaseHTTPMiddleware.__call__.<locals>.call_next.<locals>.send_no_error at 0x7e7e3493c540>
          │    │   │      └ <function BaseHTTPMiddleware.__call__.<locals>.call_next.<locals>.receive_or_disconnect at 0x7e7e3493d760>
          │    │   └ {'type': 'http', 'asgi': {'version': '3.0', 'spec_version': '2.3'}, 'http_version': '1.1', 'server': ('11.11.11.45', 8000), '...
          │    └ <starlette.middleware.exceptions.ExceptionMiddleware object at 0x7e7e348d3b10>
          └ <starlette.middleware.base.BaseHTTPMiddleware object at 0x7e7e348d8590>
  File "/home/liujx/miniconda3/envs/py311/lib/python3.11/site-packages/starlette/middleware/exceptions.py", line 63, in __call__
    await wrap_app_handling_exceptions(self.app, conn)(scope, receive, send)
          │                            │    │    │     │      │        └ <function BaseHTTPMiddleware.__call__.<locals>.call_next.<locals>.send_no_error at 0x7e7e3493c540>
          │                            │    │    │     │      └ <function BaseHTTPMiddleware.__call__.<locals>.call_next.<locals>.receive_or_disconnect at 0x7e7e3493d760>
          │                            │    │    │     └ {'type': 'http', 'asgi': {'version': '3.0', 'spec_version': '2.3'}, 'http_version': '1.1', 'server': ('11.11.11.45', 8000), '...
          │                            │    │    └ <starlette.requests.Request object at 0x7e7e2ff0e0d0>
          │                            │    └ <fastapi.routing.APIRouter object at 0x7e7e348e3510>
          │                            └ <starlette.middleware.exceptions.ExceptionMiddleware object at 0x7e7e348d3b10>
          └ <function wrap_app_handling_exceptions at 0x7e7e37a12660>
  File "/home/liujx/miniconda3/envs/py311/lib/python3.11/site-packages/starlette/_exception_handler.py", line 53, in wrapped_app
    raise exc
  File "/home/liujx/miniconda3/envs/py311/lib/python3.11/site-packages/starlette/_exception_handler.py", line 42, in wrapped_app
    await app(scope, receive, sender)
          │   │      │        └ <function wrap_app_handling_exceptions.<locals>.wrapped_app.<locals>.sender at 0x7e7e2ff0a7a0>
          │   │      └ <function BaseHTTPMiddleware.__call__.<locals>.call_next.<locals>.receive_or_disconnect at 0x7e7e3493d760>
          │   └ {'type': 'http', 'asgi': {'version': '3.0', 'spec_version': '2.3'}, 'http_version': '1.1', 'server': ('11.11.11.45', 8000), '...
          └ <fastapi.routing.APIRouter object at 0x7e7e348e3510>
  File "/home/liujx/miniconda3/envs/py311/lib/python3.11/site-packages/starlette/routing.py", line 716, in __call__
    await self.middleware_stack(scope, receive, send)
          │    │                │      │        └ <function wrap_app_handling_exceptions.<locals>.wrapped_app.<locals>.sender at 0x7e7e2ff0a7a0>
          │    │                │      └ <function BaseHTTPMiddleware.__call__.<locals>.call_next.<locals>.receive_or_disconnect at 0x7e7e3493d760>
          │    │                └ {'type': 'http', 'asgi': {'version': '3.0', 'spec_version': '2.3'}, 'http_version': '1.1', 'server': ('11.11.11.45', 8000), '...
          │    └ <bound method Router.app of <fastapi.routing.APIRouter object at 0x7e7e348e3510>>
          └ <fastapi.routing.APIRouter object at 0x7e7e348e3510>
  File "/home/liujx/miniconda3/envs/py311/lib/python3.11/site-packages/starlette/routing.py", line 736, in app
    await route.handle(scope, receive, send)
          │     │      │      │        └ <function wrap_app_handling_exceptions.<locals>.wrapped_app.<locals>.sender at 0x7e7e2ff0a7a0>
          │     │      │      └ <function BaseHTTPMiddleware.__call__.<locals>.call_next.<locals>.receive_or_disconnect at 0x7e7e3493d760>
          │     │      └ {'type': 'http', 'asgi': {'version': '3.0', 'spec_version': '2.3'}, 'http_version': '1.1', 'server': ('11.11.11.45', 8000), '...
          │     └ <function Route.handle at 0x7e7e37a13c40>
          └ APIRoute(path='/address/create', name='create_address', methods=['POST'])
  File "/home/liujx/miniconda3/envs/py311/lib/python3.11/site-packages/starlette/routing.py", line 290, in handle
    await self.app(scope, receive, send)
          │    │   │      │        └ <function wrap_app_handling_exceptions.<locals>.wrapped_app.<locals>.sender at 0x7e7e2ff0a7a0>
          │    │   │      └ <function BaseHTTPMiddleware.__call__.<locals>.call_next.<locals>.receive_or_disconnect at 0x7e7e3493d760>
          │    │   └ {'type': 'http', 'asgi': {'version': '3.0', 'spec_version': '2.3'}, 'http_version': '1.1', 'server': ('11.11.11.45', 8000), '...
          │    └ <function request_response.<locals>.app at 0x7e7e349087c0>
          └ APIRoute(path='/address/create', name='create_address', methods=['POST'])
  File "/home/liujx/miniconda3/envs/py311/lib/python3.11/site-packages/starlette/routing.py", line 78, in app
    await wrap_app_handling_exceptions(app, request)(scope, receive, send)
          │                            │    │        │      │        └ <function wrap_app_handling_exceptions.<locals>.wrapped_app.<locals>.sender at 0x7e7e2ff0a7a0>
          │                            │    │        │      └ <function BaseHTTPMiddleware.__call__.<locals>.call_next.<locals>.receive_or_disconnect at 0x7e7e3493d760>
          │                            │    │        └ {'type': 'http', 'asgi': {'version': '3.0', 'spec_version': '2.3'}, 'http_version': '1.1', 'server': ('11.11.11.45', 8000), '...
          │                            │    └ <starlette.requests.Request object at 0x7e7e2ff0e1d0>
          │                            └ <function request_response.<locals>.app.<locals>.app at 0x7e7e2ff0a840>
          └ <function wrap_app_handling_exceptions at 0x7e7e37a12660>
  File "/home/liujx/miniconda3/envs/py311/lib/python3.11/site-packages/starlette/_exception_handler.py", line 53, in wrapped_app
    raise exc
  File "/home/liujx/miniconda3/envs/py311/lib/python3.11/site-packages/starlette/_exception_handler.py", line 42, in wrapped_app
    await app(scope, receive, sender)
          │   │      │        └ <function wrap_app_handling_exceptions.<locals>.wrapped_app.<locals>.sender at 0x7e7e2ff0a980>
          │   │      └ <function BaseHTTPMiddleware.__call__.<locals>.call_next.<locals>.receive_or_disconnect at 0x7e7e3493d760>
          │   └ {'type': 'http', 'asgi': {'version': '3.0', 'spec_version': '2.3'}, 'http_version': '1.1', 'server': ('11.11.11.45', 8000), '...
          └ <function request_response.<locals>.app.<locals>.app at 0x7e7e2ff0a840>
  File "/home/liujx/miniconda3/envs/py311/lib/python3.11/site-packages/starlette/routing.py", line 75, in app
    response = await f(request)
                     │ └ <starlette.requests.Request object at 0x7e7e2ff0e1d0>
                     └ <function get_request_handler.<locals>.app at 0x7e7e34908180>
  File "/home/liujx/miniconda3/envs/py311/lib/python3.11/site-packages/fastapi/routing.py", line 302, in app
    raw_response = await run_endpoint_function(
                         └ <function run_endpoint_function at 0x7e7e39438680>
  File "/home/liujx/miniconda3/envs/py311/lib/python3.11/site-packages/fastapi/routing.py", line 213, in run_endpoint_function
    return await dependant.call(**values)
                 │         │      └ {'user_id': 1952208313361891328, 'data': CreateAddressModel(realname='tangs', mobile='13870429866', region='北京', detail='afsd...
                 │         └ <function create_address at 0x7e7e348c28e0>
                 └ Dependant(path_params=[], query_params=[], header_params=[], cookie_params=[], body_params=[ModelField(field_info=Body(Pydant...

  File "/home/liujx/PROJ/taolele/user_api/routers/address.py", line 20, in create_address
    address = await address_service_client.create_address(
                    │                      └ <function AddressServiceClient.create_address at 0x7e7e348c2fc0>
                    └ <services.address.AddressServiceClient object at 0x7e7e374a0710>

  File "/home/liujx/PROJ/taolele/user_api/services/decroators.py", line 11, in wrapper
    result = await func(*args, **kwargs)
                   │     │       └ {'user_id': 1952208313361891328, 'realname': 'tangs', 'mobile': '13870429866', 'region': '北京', 'detail': 'afsdfsdf'}
                   │     └ (<services.address.AddressServiceClient object at 0x7e7e374a0710>,)
                   └ <function AddressServiceClient.create_address at 0x7e7e348c2f20>

  File "/home/liujx/PROJ/taolele/user_api/services/address.py", line 30, in create_address
    async with AddressStub() as stub:
               └ <class 'services.address.AddressStub'>

  File "/home/liujx/PROJ/taolele/user_api/services/address.py", line 12, in __aenter__
    self.stub = user_pb2_grpc.AddressStub(self.channel)
    │           │                         │    └ <grpc.aio._channel.Channel object at 0x7e7e348f5a10>
    │           │                         └ <services.address.AddressStub object at 0x7e7e348c82d0>
    │           └ <module 'services.protos.user_pb2_grpc' from '/home/liujx/PROJ/taolele/user_api/services/protos/user_pb2_grpc.py'>
    └ <services.address.AddressStub object at 0x7e7e348c82d0>

AttributeError: module 'services.protos.user_pb2_grpc' has no attribute 'AddressStub'
2025-08-07 16:18:51.567 | ERROR    | hooks.middlewares:log_middleware:11 - 发送异常了：
Traceback (most recent call last):

  File "/home/liujx/miniconda3/envs/py311/lib/python3.11/site-packages/anyio/streams/memory.py", line 111, in receive
    return self.receive_nowait()
           │    └ <function MemoryObjectReceiveStream.receive_nowait at 0x7e7e37af9b20>
           └ MemoryObjectReceiveStream(_state=MemoryObjectStreamState(max_buffer_size=0, buffer=deque([]), open_send_channels=0, open_rece...
  File "/home/liujx/miniconda3/envs/py311/lib/python3.11/site-packages/anyio/streams/memory.py", line 106, in receive_nowait
    raise WouldBlock
          └ <class 'anyio.WouldBlock'>

anyio.WouldBlock


During handling of the above exception, another exception occurred:


Traceback (most recent call last):

  File "/home/liujx/miniconda3/envs/py311/lib/python3.11/site-packages/anyio/streams/memory.py", line 124, in receive
    return receiver.item
           └ MemoryObjectItemReceiver(task_info=AsyncIOTaskInfo(id=139080512920000, name='Task-12'), item=None)

AttributeError: 'MemoryObjectItemReceiver' object has no attribute 'item'


During handling of the above exception, another exception occurred:


Traceback (most recent call last):

  File "/home/liujx/miniconda3/envs/py311/lib/python3.11/site-packages/starlette/middleware/base.py", line 151, in call_next
    message = await recv_stream.receive()
                    │           └ <function MemoryObjectReceiveStream.receive at 0x7e7e37af9bc0>
                    └ MemoryObjectReceiveStream(_state=MemoryObjectStreamState(max_buffer_size=0, buffer=deque([]), open_send_channels=0, open_rece...
  File "/home/liujx/miniconda3/envs/py311/lib/python3.11/site-packages/anyio/streams/memory.py", line 126, in receive
    raise EndOfStream
          └ <class 'anyio.EndOfStream'>

anyio.EndOfStream


During handling of the above exception, another exception occurred:


Traceback (most recent call last):

  File "<string>", line 1, in <module>
  File "/home/liujx/miniconda3/envs/py311/lib/python3.11/multiprocessing/spawn.py", line 120, in spawn_main
    exitcode = _main(fd, parent_sentinel)
               │     │   └ 4
               │     └ 7
               └ <function _main at 0x7e7e393ea520>
  File "/home/liujx/miniconda3/envs/py311/lib/python3.11/multiprocessing/spawn.py", line 133, in _main
    return self._bootstrap(parent_sentinel)
           │    │          └ 4
           │    └ <function BaseProcess._bootstrap at 0x7e7e394fc860>
           └ <SpawnProcess name='SpawnProcess-8' parent=783614 started>
  File "/home/liujx/miniconda3/envs/py311/lib/python3.11/multiprocessing/process.py", line 314, in _bootstrap
    self.run()
    │    └ <function BaseProcess.run at 0x7e7e394f3d80>
    └ <SpawnProcess name='SpawnProcess-8' parent=783614 started>
  File "/home/liujx/miniconda3/envs/py311/lib/python3.11/multiprocessing/process.py", line 108, in run
    self._target(*self._args, **self._kwargs)
    │    │        │    │        │    └ {'config': <uvicorn.config.Config object at 0x7e7e389be4d0>, 'target': <bound method Server.run of <uvicorn.server.Server obj...
    │    │        │    │        └ <SpawnProcess name='SpawnProcess-8' parent=783614 started>
    │    │        │    └ ()
    │    │        └ <SpawnProcess name='SpawnProcess-8' parent=783614 started>
    │    └ <function subprocess_started at 0x7e7e3881b880>
    └ <SpawnProcess name='SpawnProcess-8' parent=783614 started>
  File "/home/liujx/miniconda3/envs/py311/lib/python3.11/site-packages/uvicorn/_subprocess.py", line 80, in subprocess_started
    target(sockets=sockets)
    │              └ [<socket.socket fd=3, family=2, type=1, proto=0, laddr=('0.0.0.0', 8000)>]
    └ <bound method Server.run of <uvicorn.server.Server object at 0x7e7e3889a3d0>>
  File "/home/liujx/miniconda3/envs/py311/lib/python3.11/site-packages/uvicorn/server.py", line 67, in run
    return asyncio.run(self.serve(sockets=sockets))
           │       │   │    │             └ [<socket.socket fd=3, family=2, type=1, proto=0, laddr=('0.0.0.0', 8000)>]
           │       │   │    └ <function Server.serve at 0x7e7e3881a520>
           │       │   └ <uvicorn.server.Server object at 0x7e7e3889a3d0>
           │       └ <function run at 0x7e7e38b0bba0>
           └ <module 'asyncio' from '/home/liujx/miniconda3/envs/py311/lib/python3.11/asyncio/__init__.py'>
  File "/home/liujx/miniconda3/envs/py311/lib/python3.11/asyncio/runners.py", line 190, in run
    return runner.run(main)
           │      │   └ <coroutine object Server.serve at 0x7e7e38856980>
           │      └ <function Runner.run at 0x7e7e38b7fd80>
           └ <asyncio.runners.Runner object at 0x7e7e38899990>
  File "/home/liujx/miniconda3/envs/py311/lib/python3.11/asyncio/runners.py", line 118, in run
    return self._loop.run_until_complete(task)
           │    │     │                  └ <Task pending name='Task-1' coro=<Server.serve() running at /home/liujx/miniconda3/envs/py311/lib/python3.11/site-packages/uv...
           │    │     └ <function BaseEventLoop.run_until_complete at 0x7e7e38b7d940>
           │    └ <_UnixSelectorEventLoop running=True closed=False debug=False>
           └ <asyncio.runners.Runner object at 0x7e7e38899990>
  File "/home/liujx/miniconda3/envs/py311/lib/python3.11/asyncio/base_events.py", line 637, in run_until_complete
    self.run_forever()
    │    └ <function BaseEventLoop.run_forever at 0x7e7e38b7d8a0>
    └ <_UnixSelectorEventLoop running=True closed=False debug=False>
  File "/home/liujx/miniconda3/envs/py311/lib/python3.11/asyncio/base_events.py", line 604, in run_forever
    self._run_once()
    │    └ <function BaseEventLoop._run_once at 0x7e7e38b7f6a0>
    └ <_UnixSelectorEventLoop running=True closed=False debug=False>
  File "/home/liujx/miniconda3/envs/py311/lib/python3.11/asyncio/base_events.py", line 1909, in _run_once
    handle._run()
    │      └ <function Handle._run at 0x7e7e38b285e0>
    └ <Handle Task.task_wakeup(<Future finished result=True>)>
  File "/home/liujx/miniconda3/envs/py311/lib/python3.11/asyncio/events.py", line 80, in _run
    self._context.run(self._callback, *self._args)
    │    │            │    │           │    └ <member '_args' of 'Handle' objects>
    │    │            │    │           └ <Handle Task.task_wakeup(<Future finished result=True>)>
    │    │            │    └ <member '_callback' of 'Handle' objects>
    │    │            └ <Handle Task.task_wakeup(<Future finished result=True>)>
    │    └ <member '_context' of 'Handle' objects>
    └ <Handle Task.task_wakeup(<Future finished result=True>)>
  File "/home/liujx/miniconda3/envs/py311/lib/python3.11/site-packages/uvicorn/protocols/http/h11_impl.py", line 403, in run_asgi
    result = await app(  # type: ignore[func-returns-value]
                   └ <uvicorn.middleware.proxy_headers.ProxyHeadersMiddleware object at 0x7e7e3889b8d0>
  File "/home/liujx/miniconda3/envs/py311/lib/python3.11/site-packages/uvicorn/middleware/proxy_headers.py", line 60, in __call__
    return await self.app(scope, receive, send)
                 │    │   │      │        └ <bound method RequestResponseCycle.send of <uvicorn.protocols.http.h11_impl.RequestResponseCycle object at 0x7e7e2c653610>>
                 │    │   │      └ <bound method RequestResponseCycle.receive of <uvicorn.protocols.http.h11_impl.RequestResponseCycle object at 0x7e7e2c653610>>
                 │    │   └ {'type': 'http', 'asgi': {'version': '3.0', 'spec_version': '2.3'}, 'http_version': '1.1', 'server': ('11.11.11.45', 8000), '...
                 │    └ <fastapi.applications.FastAPI object at 0x7e7e3793a690>
                 └ <uvicorn.middleware.proxy_headers.ProxyHeadersMiddleware object at 0x7e7e3889b8d0>
  File "/home/liujx/miniconda3/envs/py311/lib/python3.11/site-packages/fastapi/applications.py", line 1054, in __call__
    await super().__call__(scope, receive, send)
                           │      │        └ <bound method RequestResponseCycle.send of <uvicorn.protocols.http.h11_impl.RequestResponseCycle object at 0x7e7e2c653610>>
                           │      └ <bound method RequestResponseCycle.receive of <uvicorn.protocols.http.h11_impl.RequestResponseCycle object at 0x7e7e2c653610>>
                           └ {'type': 'http', 'asgi': {'version': '3.0', 'spec_version': '2.3'}, 'http_version': '1.1', 'server': ('11.11.11.45', 8000), '...
  File "/home/liujx/miniconda3/envs/py311/lib/python3.11/site-packages/starlette/applications.py", line 113, in __call__
    await self.middleware_stack(scope, receive, send)
          │    │                │      │        └ <bound method RequestResponseCycle.send of <uvicorn.protocols.http.h11_impl.RequestResponseCycle object at 0x7e7e2c653610>>
          │    │                │      └ <bound method RequestResponseCycle.receive of <uvicorn.protocols.http.h11_impl.RequestResponseCycle object at 0x7e7e2c653610>>
          │    │                └ {'type': 'http', 'asgi': {'version': '3.0', 'spec_version': '2.3'}, 'http_version': '1.1', 'server': ('11.11.11.45', 8000), '...
          │    └ <starlette.middleware.errors.ServerErrorMiddleware object at 0x7e7e348d90d0>
          └ <fastapi.applications.FastAPI object at 0x7e7e3793a690>
  File "/home/liujx/miniconda3/envs/py311/lib/python3.11/site-packages/starlette/middleware/errors.py", line 164, in __call__
    await self.app(scope, receive, _send)
          │    │   │      │        └ <function ServerErrorMiddleware.__call__.<locals>._send at 0x7e7e3888f9c0>
          │    │   │      └ <bound method RequestResponseCycle.receive of <uvicorn.protocols.http.h11_impl.RequestResponseCycle object at 0x7e7e2c653610>>
          │    │   └ {'type': 'http', 'asgi': {'version': '3.0', 'spec_version': '2.3'}, 'http_version': '1.1', 'server': ('11.11.11.45', 8000), '...
          │    └ <starlette.middleware.base.BaseHTTPMiddleware object at 0x7e7e348d8590>
          └ <starlette.middleware.errors.ServerErrorMiddleware object at 0x7e7e348d90d0>
  File "/home/liujx/miniconda3/envs/py311/lib/python3.11/site-packages/starlette/middleware/base.py", line 184, in __call__
    response = await self.dispatch_func(request, call_next)
                     │    │             │        └ <function BaseHTTPMiddleware.__call__.<locals>.call_next at 0x7e7e348aa980>
                     │    │             └ <starlette.middleware.base._CachedRequest object at 0x7e7e34937590>
                     │    └ <function log_middleware at 0x7e7e38615620>
                     └ <starlette.middleware.base.BaseHTTPMiddleware object at 0x7e7e348d8590>

> File "/home/liujx/PROJ/taolele/user_api/hooks/middlewares.py", line 7, in log_middleware
    response = await call_next(request)
                     │         └ <starlette.middleware.base._CachedRequest object at 0x7e7e34937590>
                     └ <function BaseHTTPMiddleware.__call__.<locals>.call_next at 0x7e7e348aa980>

  File "/home/liujx/miniconda3/envs/py311/lib/python3.11/site-packages/starlette/middleware/base.py", line 159, in call_next
    raise app_exc
          └ AttributeError("module 'services.protos.user_pb2_grpc' has no attribute 'AddressStub'")
  File "/home/liujx/miniconda3/envs/py311/lib/python3.11/site-packages/starlette/middleware/base.py", line 144, in coro
    await self.app(scope, receive_or_disconnect, send_no_error)
          │    │   │      │                      └ <function BaseHTTPMiddleware.__call__.<locals>.call_next.<locals>.send_no_error at 0x7e7e3493db20>
          │    │   │      └ <function BaseHTTPMiddleware.__call__.<locals>.call_next.<locals>.receive_or_disconnect at 0x7e7e3493c860>
          │    │   └ {'type': 'http', 'asgi': {'version': '3.0', 'spec_version': '2.3'}, 'http_version': '1.1', 'server': ('11.11.11.45', 8000), '...
          │    └ <starlette.middleware.exceptions.ExceptionMiddleware object at 0x7e7e348d3b10>
          └ <starlette.middleware.base.BaseHTTPMiddleware object at 0x7e7e348d8590>
  File "/home/liujx/miniconda3/envs/py311/lib/python3.11/site-packages/starlette/middleware/exceptions.py", line 63, in __call__
    await wrap_app_handling_exceptions(self.app, conn)(scope, receive, send)
          │                            │    │    │     │      │        └ <function BaseHTTPMiddleware.__call__.<locals>.call_next.<locals>.send_no_error at 0x7e7e3493db20>
          │                            │    │    │     │      └ <function BaseHTTPMiddleware.__call__.<locals>.call_next.<locals>.receive_or_disconnect at 0x7e7e3493c860>
          │                            │    │    │     └ {'type': 'http', 'asgi': {'version': '3.0', 'spec_version': '2.3'}, 'http_version': '1.1', 'server': ('11.11.11.45', 8000), '...
          │                            │    │    └ <starlette.requests.Request object at 0x7e7e34971a50>
          │                            │    └ <fastapi.routing.APIRouter object at 0x7e7e348e3510>
          │                            └ <starlette.middleware.exceptions.ExceptionMiddleware object at 0x7e7e348d3b10>
          └ <function wrap_app_handling_exceptions at 0x7e7e37a12660>
  File "/home/liujx/miniconda3/envs/py311/lib/python3.11/site-packages/starlette/_exception_handler.py", line 53, in wrapped_app
    raise exc
  File "/home/liujx/miniconda3/envs/py311/lib/python3.11/site-packages/starlette/_exception_handler.py", line 42, in wrapped_app
    await app(scope, receive, sender)
          │   │      │        └ <function wrap_app_handling_exceptions.<locals>.wrapped_app.<locals>.sender at 0x7e7e2ff216c0>
          │   │      └ <function BaseHTTPMiddleware.__call__.<locals>.call_next.<locals>.receive_or_disconnect at 0x7e7e3493c860>
          │   └ {'type': 'http', 'asgi': {'version': '3.0', 'spec_version': '2.3'}, 'http_version': '1.1', 'server': ('11.11.11.45', 8000), '...
          └ <fastapi.routing.APIRouter object at 0x7e7e348e3510>
  File "/home/liujx/miniconda3/envs/py311/lib/python3.11/site-packages/starlette/routing.py", line 716, in __call__
    await self.middleware_stack(scope, receive, send)
          │    │                │      │        └ <function wrap_app_handling_exceptions.<locals>.wrapped_app.<locals>.sender at 0x7e7e2ff216c0>
          │    │                │      └ <function BaseHTTPMiddleware.__call__.<locals>.call_next.<locals>.receive_or_disconnect at 0x7e7e3493c860>
          │    │                └ {'type': 'http', 'asgi': {'version': '3.0', 'spec_version': '2.3'}, 'http_version': '1.1', 'server': ('11.11.11.45', 8000), '...
          │    └ <bound method Router.app of <fastapi.routing.APIRouter object at 0x7e7e348e3510>>
          └ <fastapi.routing.APIRouter object at 0x7e7e348e3510>
  File "/home/liujx/miniconda3/envs/py311/lib/python3.11/site-packages/starlette/routing.py", line 736, in app
    await route.handle(scope, receive, send)
          │     │      │      │        └ <function wrap_app_handling_exceptions.<locals>.wrapped_app.<locals>.sender at 0x7e7e2ff216c0>
          │     │      │      └ <function BaseHTTPMiddleware.__call__.<locals>.call_next.<locals>.receive_or_disconnect at 0x7e7e3493c860>
          │     │      └ {'type': 'http', 'asgi': {'version': '3.0', 'spec_version': '2.3'}, 'http_version': '1.1', 'server': ('11.11.11.45', 8000), '...
          │     └ <function Route.handle at 0x7e7e37a13c40>
          └ APIRoute(path='/address/create', name='create_address', methods=['POST'])
  File "/home/liujx/miniconda3/envs/py311/lib/python3.11/site-packages/starlette/routing.py", line 290, in handle
    await self.app(scope, receive, send)
          │    │   │      │        └ <function wrap_app_handling_exceptions.<locals>.wrapped_app.<locals>.sender at 0x7e7e2ff216c0>
          │    │   │      └ <function BaseHTTPMiddleware.__call__.<locals>.call_next.<locals>.receive_or_disconnect at 0x7e7e3493c860>
          │    │   └ {'type': 'http', 'asgi': {'version': '3.0', 'spec_version': '2.3'}, 'http_version': '1.1', 'server': ('11.11.11.45', 8000), '...
          │    └ <function request_response.<locals>.app at 0x7e7e349087c0>
          └ APIRoute(path='/address/create', name='create_address', methods=['POST'])
  File "/home/liujx/miniconda3/envs/py311/lib/python3.11/site-packages/starlette/routing.py", line 78, in app
    await wrap_app_handling_exceptions(app, request)(scope, receive, send)
          │                            │    │        │      │        └ <function wrap_app_handling_exceptions.<locals>.wrapped_app.<locals>.sender at 0x7e7e2ff216c0>
          │                            │    │        │      └ <function BaseHTTPMiddleware.__call__.<locals>.call_next.<locals>.receive_or_disconnect at 0x7e7e3493c860>
          │                            │    │        └ {'type': 'http', 'asgi': {'version': '3.0', 'spec_version': '2.3'}, 'http_version': '1.1', 'server': ('11.11.11.45', 8000), '...
          │                            │    └ <starlette.requests.Request object at 0x7e7e2c653b90>
          │                            └ <function request_response.<locals>.app.<locals>.app at 0x7e7e2ff21760>
          └ <function wrap_app_handling_exceptions at 0x7e7e37a12660>
  File "/home/liujx/miniconda3/envs/py311/lib/python3.11/site-packages/starlette/_exception_handler.py", line 53, in wrapped_app
    raise exc
  File "/home/liujx/miniconda3/envs/py311/lib/python3.11/site-packages/starlette/_exception_handler.py", line 42, in wrapped_app
    await app(scope, receive, sender)
          │   │      │        └ <function wrap_app_handling_exceptions.<locals>.wrapped_app.<locals>.sender at 0x7e7e2ff21940>
          │   │      └ <function BaseHTTPMiddleware.__call__.<locals>.call_next.<locals>.receive_or_disconnect at 0x7e7e3493c860>
          │   └ {'type': 'http', 'asgi': {'version': '3.0', 'spec_version': '2.3'}, 'http_version': '1.1', 'server': ('11.11.11.45', 8000), '...
          └ <function request_response.<locals>.app.<locals>.app at 0x7e7e2ff21760>
  File "/home/liujx/miniconda3/envs/py311/lib/python3.11/site-packages/starlette/routing.py", line 75, in app
    response = await f(request)
                     │ └ <starlette.requests.Request object at 0x7e7e2c653b90>
                     └ <function get_request_handler.<locals>.app at 0x7e7e34908180>
  File "/home/liujx/miniconda3/envs/py311/lib/python3.11/site-packages/fastapi/routing.py", line 302, in app
    raw_response = await run_endpoint_function(
                         └ <function run_endpoint_function at 0x7e7e39438680>
  File "/home/liujx/miniconda3/envs/py311/lib/python3.11/site-packages/fastapi/routing.py", line 213, in run_endpoint_function
    return await dependant.call(**values)
                 │         │      └ {'user_id': 1952208313361891328, 'data': CreateAddressModel(realname='tangs', mobile='13874429866', region='北京', detail='afsd...
                 │         └ <function create_address at 0x7e7e348c28e0>
                 └ Dependant(path_params=[], query_params=[], header_params=[], cookie_params=[], body_params=[ModelField(field_info=Body(Pydant...

  File "/home/liujx/PROJ/taolele/user_api/routers/address.py", line 20, in create_address
    address = await address_service_client.create_address(
                    │                      └ <function AddressServiceClient.create_address at 0x7e7e348c2fc0>
                    └ <services.address.AddressServiceClient object at 0x7e7e374a0710>

  File "/home/liujx/PROJ/taolele/user_api/services/decroators.py", line 11, in wrapper
    result = await func(*args, **kwargs)
                   │     │       └ {'user_id': 1952208313361891328, 'realname': 'tangs', 'mobile': '13874429866', 'region': '北京', 'detail': 'afsdfsdf'}
                   │     └ (<services.address.AddressServiceClient object at 0x7e7e374a0710>,)
                   └ <function AddressServiceClient.create_address at 0x7e7e348c2f20>

  File "/home/liujx/PROJ/taolele/user_api/services/address.py", line 30, in create_address
    async with AddressStub() as stub:
               └ <class 'services.address.AddressStub'>

  File "/home/liujx/PROJ/taolele/user_api/services/address.py", line 12, in __aenter__
    self.stub = user_pb2_grpc.AddressStub(self.channel)
    │           │                         │    └ <grpc.aio._channel.Channel object at 0x7e7e2c652690>
    │           │                         └ <services.address.AddressStub object at 0x7e7e2c652910>
    │           └ <module 'services.protos.user_pb2_grpc' from '/home/liujx/PROJ/taolele/user_api/services/protos/user_pb2_grpc.py'>
    └ <services.address.AddressStub object at 0x7e7e2c652910>

AttributeError: module 'services.protos.user_pb2_grpc' has no attribute 'AddressStub'
2025-08-07 16:22:39.829 | ERROR    | hooks.middlewares:log_middleware:11 - 发送异常了：
Traceback (most recent call last):

  File "/home/liujx/miniconda3/envs/py311/lib/python3.11/site-packages/fastapi/encoders.py", line 324, in jsonable_encoder
    data = dict(obj)
                └ <google._upb._message.Descriptor object at 0x70d07b3f1990>

TypeError: 'google._upb._message.Descriptor' object is not iterable


During handling of the above exception, another exception occurred:


Traceback (most recent call last):

  File "/home/liujx/miniconda3/envs/py311/lib/python3.11/site-packages/fastapi/encoders.py", line 329, in jsonable_encoder
    data = vars(obj)
                └ <google._upb._message.Descriptor object at 0x70d07b3f1990>

TypeError: vars() argument must have __dict__ attribute


The above exception was the direct cause of the following exception:


Traceback (most recent call last):

  File "<string>", line 1, in <module>
  File "/home/liujx/miniconda3/envs/py311/lib/python3.11/multiprocessing/spawn.py", line 120, in spawn_main
    exitcode = _main(fd, parent_sentinel)
               │     │   └ 4
               │     └ 7
               └ <function _main at 0x70d07ffae520>
  File "/home/liujx/miniconda3/envs/py311/lib/python3.11/multiprocessing/spawn.py", line 133, in _main
    return self._bootstrap(parent_sentinel)
           │    │          └ 4
           │    └ <function BaseProcess._bootstrap at 0x70d07fec0860>
           └ <SpawnProcess name='SpawnProcess-17' parent=783614 started>
  File "/home/liujx/miniconda3/envs/py311/lib/python3.11/multiprocessing/process.py", line 314, in _bootstrap
    self.run()
    │    └ <function BaseProcess.run at 0x70d0800b3d80>
    └ <SpawnProcess name='SpawnProcess-17' parent=783614 started>
  File "/home/liujx/miniconda3/envs/py311/lib/python3.11/multiprocessing/process.py", line 108, in run
    self._target(*self._args, **self._kwargs)
    │    │        │    │        │    └ {'config': <uvicorn.config.Config object at 0x70d07f717ad0>, 'target': <bound method Server.run of <uvicorn.server.Server obj...
    │    │        │    │        └ <SpawnProcess name='SpawnProcess-17' parent=783614 started>
    │    │        │    └ ()
    │    │        └ <SpawnProcess name='SpawnProcess-17' parent=783614 started>
    │    └ <function subprocess_started at 0x70d07f3af880>
    └ <SpawnProcess name='SpawnProcess-17' parent=783614 started>
  File "/home/liujx/miniconda3/envs/py311/lib/python3.11/site-packages/uvicorn/_subprocess.py", line 80, in subprocess_started
    target(sockets=sockets)
    │              └ [<socket.socket fd=3, family=2, type=1, proto=0, laddr=('0.0.0.0', 8000)>]
    └ <bound method Server.run of <uvicorn.server.Server object at 0x70d07f42e290>>
  File "/home/liujx/miniconda3/envs/py311/lib/python3.11/site-packages/uvicorn/server.py", line 67, in run
    return asyncio.run(self.serve(sockets=sockets))
           │       │   │    │             └ [<socket.socket fd=3, family=2, type=1, proto=0, laddr=('0.0.0.0', 8000)>]
           │       │   │    └ <function Server.serve at 0x70d07f3ae520>
           │       │   └ <uvicorn.server.Server object at 0x70d07f42e290>
           │       └ <function run at 0x70d07f713ba0>
           └ <module 'asyncio' from '/home/liujx/miniconda3/envs/py311/lib/python3.11/asyncio/__init__.py'>
  File "/home/liujx/miniconda3/envs/py311/lib/python3.11/asyncio/runners.py", line 190, in run
    return runner.run(main)
           │      │   └ <coroutine object Server.serve at 0x70d07f3ea980>
           │      └ <function Runner.run at 0x70d07f787d80>
           └ <asyncio.runners.Runner object at 0x70d07f42d910>
  File "/home/liujx/miniconda3/envs/py311/lib/python3.11/asyncio/runners.py", line 118, in run
    return self._loop.run_until_complete(task)
           │    │     │                  └ <Task pending name='Task-1' coro=<Server.serve() running at /home/liujx/miniconda3/envs/py311/lib/python3.11/site-packages/uv...
           │    │     └ <function BaseEventLoop.run_until_complete at 0x70d07f785940>
           │    └ <_UnixSelectorEventLoop running=True closed=False debug=False>
           └ <asyncio.runners.Runner object at 0x70d07f42d910>
  File "/home/liujx/miniconda3/envs/py311/lib/python3.11/asyncio/base_events.py", line 637, in run_until_complete
    self.run_forever()
    │    └ <function BaseEventLoop.run_forever at 0x70d07f7858a0>
    └ <_UnixSelectorEventLoop running=True closed=False debug=False>
  File "/home/liujx/miniconda3/envs/py311/lib/python3.11/asyncio/base_events.py", line 604, in run_forever
    self._run_once()
    │    └ <function BaseEventLoop._run_once at 0x70d07f7876a0>
    └ <_UnixSelectorEventLoop running=True closed=False debug=False>
  File "/home/liujx/miniconda3/envs/py311/lib/python3.11/asyncio/base_events.py", line 1909, in _run_once
    handle._run()
    │      └ <function Handle._run at 0x70d07f72c5e0>
    └ <Handle Task.task_wakeup(<Future finished result=True>)>
  File "/home/liujx/miniconda3/envs/py311/lib/python3.11/asyncio/events.py", line 80, in _run
    self._context.run(self._callback, *self._args)
    │    │            │    │           │    └ <member '_args' of 'Handle' objects>
    │    │            │    │           └ <Handle Task.task_wakeup(<Future finished result=True>)>
    │    │            │    └ <member '_callback' of 'Handle' objects>
    │    │            └ <Handle Task.task_wakeup(<Future finished result=True>)>
    │    └ <member '_context' of 'Handle' objects>
    └ <Handle Task.task_wakeup(<Future finished result=True>)>
  File "/home/liujx/miniconda3/envs/py311/lib/python3.11/site-packages/uvicorn/protocols/http/h11_impl.py", line 403, in run_asgi
    result = await app(  # type: ignore[func-returns-value]
                   └ <uvicorn.middleware.proxy_headers.ProxyHeadersMiddleware object at 0x70d07f42f710>
  File "/home/liujx/miniconda3/envs/py311/lib/python3.11/site-packages/uvicorn/middleware/proxy_headers.py", line 60, in __call__
    return await self.app(scope, receive, send)
                 │    │   │      │        └ <bound method RequestResponseCycle.send of <uvicorn.protocols.http.h11_impl.RequestResponseCycle object at 0x70d07aa9fb50>>
                 │    │   │      └ <bound method RequestResponseCycle.receive of <uvicorn.protocols.http.h11_impl.RequestResponseCycle object at 0x70d07aa9fb50>>
                 │    │   └ {'type': 'http', 'asgi': {'version': '3.0', 'spec_version': '2.3'}, 'http_version': '1.1', 'server': ('11.11.11.45', 8000), '...
                 │    └ <fastapi.applications.FastAPI object at 0x70d07b3d0390>
                 └ <uvicorn.middleware.proxy_headers.ProxyHeadersMiddleware object at 0x70d07f42f710>
  File "/home/liujx/miniconda3/envs/py311/lib/python3.11/site-packages/fastapi/applications.py", line 1054, in __call__
    await super().__call__(scope, receive, send)
                           │      │        └ <bound method RequestResponseCycle.send of <uvicorn.protocols.http.h11_impl.RequestResponseCycle object at 0x70d07aa9fb50>>
                           │      └ <bound method RequestResponseCycle.receive of <uvicorn.protocols.http.h11_impl.RequestResponseCycle object at 0x70d07aa9fb50>>
                           └ {'type': 'http', 'asgi': {'version': '3.0', 'spec_version': '2.3'}, 'http_version': '1.1', 'server': ('11.11.11.45', 8000), '...
  File "/home/liujx/miniconda3/envs/py311/lib/python3.11/site-packages/starlette/applications.py", line 113, in __call__
    await self.middleware_stack(scope, receive, send)
          │    │                │      │        └ <bound method RequestResponseCycle.send of <uvicorn.protocols.http.h11_impl.RequestResponseCycle object at 0x70d07aa9fb50>>
          │    │                │      └ <bound method RequestResponseCycle.receive of <uvicorn.protocols.http.h11_impl.RequestResponseCycle object at 0x70d07aa9fb50>>
          │    │                └ {'type': 'http', 'asgi': {'version': '3.0', 'spec_version': '2.3'}, 'http_version': '1.1', 'server': ('11.11.11.45', 8000), '...
          │    └ <starlette.middleware.errors.ServerErrorMiddleware object at 0x70d07dcf8e10>
          └ <fastapi.applications.FastAPI object at 0x70d07b3d0390>
  File "/home/liujx/miniconda3/envs/py311/lib/python3.11/site-packages/starlette/middleware/errors.py", line 164, in __call__
    await self.app(scope, receive, _send)
          │    │   │      │        └ <function ServerErrorMiddleware.__call__.<locals>._send at 0x70d07b3cb560>
          │    │   │      └ <bound method RequestResponseCycle.receive of <uvicorn.protocols.http.h11_impl.RequestResponseCycle object at 0x70d07aa9fb50>>
          │    │   └ {'type': 'http', 'asgi': {'version': '3.0', 'spec_version': '2.3'}, 'http_version': '1.1', 'server': ('11.11.11.45', 8000), '...
          │    └ <starlette.middleware.base.BaseHTTPMiddleware object at 0x70d07def2490>
          └ <starlette.middleware.errors.ServerErrorMiddleware object at 0x70d07dcf8e10>
  File "/home/liujx/miniconda3/envs/py311/lib/python3.11/site-packages/starlette/middleware/base.py", line 184, in __call__
    response = await self.dispatch_func(request, call_next)
                     │    │             │        └ <function BaseHTTPMiddleware.__call__.<locals>.call_next at 0x70d07b445080>
                     │    │             └ <starlette.middleware.base._CachedRequest object at 0x70d07aa9fe90>
                     │    └ <function log_middleware at 0x70d07f15d620>
                     └ <starlette.middleware.base.BaseHTTPMiddleware object at 0x70d07def2490>

> File "/home/liujx/PROJ/taolele/user_api/hooks/middlewares.py", line 7, in log_middleware
    response = await call_next(request)
                     │         └ <starlette.middleware.base._CachedRequest object at 0x70d07aa9fe90>
                     └ <function BaseHTTPMiddleware.__call__.<locals>.call_next at 0x70d07b445080>

  File "/home/liujx/miniconda3/envs/py311/lib/python3.11/site-packages/starlette/middleware/base.py", line 159, in call_next
    raise app_exc
          └ ValueError([TypeError("'google._upb._message.Descriptor' object is not iterable"), TypeError('vars() argument must have __dic...
  File "/home/liujx/miniconda3/envs/py311/lib/python3.11/site-packages/starlette/middleware/base.py", line 144, in coro
    await self.app(scope, receive_or_disconnect, send_no_error)
          │    │   │      │                      └ <function BaseHTTPMiddleware.__call__.<locals>.call_next.<locals>.send_no_error at 0x70d07aa9be20>
          │    │   │      └ <function BaseHTTPMiddleware.__call__.<locals>.call_next.<locals>.receive_or_disconnect at 0x70d07b445ee0>
          │    │   └ {'type': 'http', 'asgi': {'version': '3.0', 'spec_version': '2.3'}, 'http_version': '1.1', 'server': ('11.11.11.45', 8000), '...
          │    └ <starlette.middleware.exceptions.ExceptionMiddleware object at 0x70d07b3e8950>
          └ <starlette.middleware.base.BaseHTTPMiddleware object at 0x70d07def2490>
  File "/home/liujx/miniconda3/envs/py311/lib/python3.11/site-packages/starlette/middleware/exceptions.py", line 63, in __call__
    await wrap_app_handling_exceptions(self.app, conn)(scope, receive, send)
          │                            │    │    │     │      │        └ <function BaseHTTPMiddleware.__call__.<locals>.call_next.<locals>.send_no_error at 0x70d07aa9be20>
          │                            │    │    │     │      └ <function BaseHTTPMiddleware.__call__.<locals>.call_next.<locals>.receive_or_disconnect at 0x70d07b445ee0>
          │                            │    │    │     └ {'type': 'http', 'asgi': {'version': '3.0', 'spec_version': '2.3'}, 'http_version': '1.1', 'server': ('11.11.11.45', 8000), '...
          │                            │    │    └ <starlette.requests.Request object at 0x70d07aaa8290>
          │                            │    └ <fastapi.routing.APIRouter object at 0x70d07b3ebd50>
          │                            └ <starlette.middleware.exceptions.ExceptionMiddleware object at 0x70d07b3e8950>
          └ <function wrap_app_handling_exceptions at 0x70d07e5a6660>
  File "/home/liujx/miniconda3/envs/py311/lib/python3.11/site-packages/starlette/_exception_handler.py", line 53, in wrapped_app
    raise exc
  File "/home/liujx/miniconda3/envs/py311/lib/python3.11/site-packages/starlette/_exception_handler.py", line 42, in wrapped_app
    await app(scope, receive, sender)
          │   │      │        └ <function wrap_app_handling_exceptions.<locals>.wrapped_app.<locals>.sender at 0x70d07aa9b920>
          │   │      └ <function BaseHTTPMiddleware.__call__.<locals>.call_next.<locals>.receive_or_disconnect at 0x70d07b445ee0>
          │   └ {'type': 'http', 'asgi': {'version': '3.0', 'spec_version': '2.3'}, 'http_version': '1.1', 'server': ('11.11.11.45', 8000), '...
          └ <fastapi.routing.APIRouter object at 0x70d07b3ebd50>
  File "/home/liujx/miniconda3/envs/py311/lib/python3.11/site-packages/starlette/routing.py", line 716, in __call__
    await self.middleware_stack(scope, receive, send)
          │    │                │      │        └ <function wrap_app_handling_exceptions.<locals>.wrapped_app.<locals>.sender at 0x70d07aa9b920>
          │    │                │      └ <function BaseHTTPMiddleware.__call__.<locals>.call_next.<locals>.receive_or_disconnect at 0x70d07b445ee0>
          │    │                └ {'type': 'http', 'asgi': {'version': '3.0', 'spec_version': '2.3'}, 'http_version': '1.1', 'server': ('11.11.11.45', 8000), '...
          │    └ <bound method Router.app of <fastapi.routing.APIRouter object at 0x70d07b3ebd50>>
          └ <fastapi.routing.APIRouter object at 0x70d07b3ebd50>
  File "/home/liujx/miniconda3/envs/py311/lib/python3.11/site-packages/starlette/routing.py", line 736, in app
    await route.handle(scope, receive, send)
          │     │      │      │        └ <function wrap_app_handling_exceptions.<locals>.wrapped_app.<locals>.sender at 0x70d07aa9b920>
          │     │      │      └ <function BaseHTTPMiddleware.__call__.<locals>.call_next.<locals>.receive_or_disconnect at 0x70d07b445ee0>
          │     │      └ {'type': 'http', 'asgi': {'version': '3.0', 'spec_version': '2.3'}, 'http_version': '1.1', 'server': ('11.11.11.45', 8000), '...
          │     └ <function Route.handle at 0x70d07e5a7c40>
          └ APIRoute(path='/address/create', name='create_address', methods=['POST'])
  File "/home/liujx/miniconda3/envs/py311/lib/python3.11/site-packages/starlette/routing.py", line 290, in handle
    await self.app(scope, receive, send)
          │    │   │      │        └ <function wrap_app_handling_exceptions.<locals>.wrapped_app.<locals>.sender at 0x70d07aa9b920>
          │    │   │      └ <function BaseHTTPMiddleware.__call__.<locals>.call_next.<locals>.receive_or_disconnect at 0x70d07b445ee0>
          │    │   └ {'type': 'http', 'asgi': {'version': '3.0', 'spec_version': '2.3'}, 'http_version': '1.1', 'server': ('11.11.11.45', 8000), '...
          │    └ <function request_response.<locals>.app at 0x70d07b419e40>
          └ APIRoute(path='/address/create', name='create_address', methods=['POST'])
  File "/home/liujx/miniconda3/envs/py311/lib/python3.11/site-packages/starlette/routing.py", line 78, in app
    await wrap_app_handling_exceptions(app, request)(scope, receive, send)
          │                            │    │        │      │        └ <function wrap_app_handling_exceptions.<locals>.wrapped_app.<locals>.sender at 0x70d07aa9b920>
          │                            │    │        │      └ <function BaseHTTPMiddleware.__call__.<locals>.call_next.<locals>.receive_or_disconnect at 0x70d07b445ee0>
          │                            │    │        └ {'type': 'http', 'asgi': {'version': '3.0', 'spec_version': '2.3'}, 'http_version': '1.1', 'server': ('11.11.11.45', 8000), '...
          │                            │    └ <starlette.requests.Request object at 0x70d07aaa8350>
          │                            └ <function request_response.<locals>.app.<locals>.app at 0x70d07aa9b9c0>
          └ <function wrap_app_handling_exceptions at 0x70d07e5a6660>
  File "/home/liujx/miniconda3/envs/py311/lib/python3.11/site-packages/starlette/_exception_handler.py", line 53, in wrapped_app
    raise exc
  File "/home/liujx/miniconda3/envs/py311/lib/python3.11/site-packages/starlette/_exception_handler.py", line 42, in wrapped_app
    await app(scope, receive, sender)
          │   │      │        └ <function wrap_app_handling_exceptions.<locals>.wrapped_app.<locals>.sender at 0x70d07aa9bb00>
          │   │      └ <function BaseHTTPMiddleware.__call__.<locals>.call_next.<locals>.receive_or_disconnect at 0x70d07b445ee0>
          │   └ {'type': 'http', 'asgi': {'version': '3.0', 'spec_version': '2.3'}, 'http_version': '1.1', 'server': ('11.11.11.45', 8000), '...
          └ <function request_response.<locals>.app.<locals>.app at 0x70d07aa9b9c0>
  File "/home/liujx/miniconda3/envs/py311/lib/python3.11/site-packages/starlette/routing.py", line 75, in app
    response = await f(request)
                     │ └ <starlette.requests.Request object at 0x70d07aaa8350>
                     └ <function get_request_handler.<locals>.app at 0x70d07b419ee0>
  File "/home/liujx/miniconda3/envs/py311/lib/python3.11/site-packages/fastapi/routing.py", line 328, in app
    content = await serialize_response(
                    └ <function serialize_response at 0x70d07ef6ca40>
  File "/home/liujx/miniconda3/envs/py311/lib/python3.11/site-packages/fastapi/routing.py", line 202, in serialize_response
    return jsonable_encoder(response_content)
           │                └ id: "d37d7077fa55498c9df7a50d860b379a"
           │                  realname: "tangs"
           │                  mobile: "13874429866"
           │                  region: "北京"
           │                  detail: "afsdfsdf"
           │                  
           └ <function jsonable_encoder at 0x70d07e5a5da0>
  File "/home/liujx/miniconda3/envs/py311/lib/python3.11/site-packages/fastapi/encoders.py", line 333, in jsonable_encoder
    return jsonable_encoder(
           └ <function jsonable_encoder at 0x70d07e5a5da0>
  File "/home/liujx/miniconda3/envs/py311/lib/python3.11/site-packages/fastapi/encoders.py", line 333, in jsonable_encoder
    return jsonable_encoder(
           └ <function jsonable_encoder at 0x70d07e5a5da0>
  File "/home/liujx/miniconda3/envs/py311/lib/python3.11/site-packages/fastapi/encoders.py", line 289, in jsonable_encoder
    encoded_value = jsonable_encoder(
                    └ <function jsonable_encoder at 0x70d07e5a5da0>
  File "/home/liujx/miniconda3/envs/py311/lib/python3.11/site-packages/fastapi/encoders.py", line 332, in jsonable_encoder
    raise ValueError(errors) from e
                     └ [TypeError("'google._upb._message.Descriptor' object is not iterable"), TypeError('vars() argument must have __dict__ attribu...

ValueError: [TypeError("'google._upb._message.Descriptor' object is not iterable"), TypeError('vars() argument must have __dict__ attribute')]
2025-08-07 16:27:13.817 | ERROR    | hooks.middlewares:log_middleware:11 - 发送异常了：
Traceback (most recent call last):

  File "/home/liujx/miniconda3/envs/py311/lib/python3.11/site-packages/fastapi/encoders.py", line 324, in jsonable_encoder
    data = dict(obj)
                └ <google._upb._message.Descriptor object at 0x7c7aa5bf5ad0>

TypeError: 'google._upb._message.Descriptor' object is not iterable


During handling of the above exception, another exception occurred:


Traceback (most recent call last):

  File "/home/liujx/miniconda3/envs/py311/lib/python3.11/site-packages/fastapi/encoders.py", line 329, in jsonable_encoder
    data = vars(obj)
                └ <google._upb._message.Descriptor object at 0x7c7aa5bf5ad0>

TypeError: vars() argument must have __dict__ attribute


The above exception was the direct cause of the following exception:


Traceback (most recent call last):

  File "<string>", line 1, in <module>
  File "/home/liujx/miniconda3/envs/py311/lib/python3.11/multiprocessing/spawn.py", line 120, in spawn_main
    exitcode = _main(fd, parent_sentinel)
               │     │   └ 4
               │     └ 7
               └ <function _main at 0x7c7aaa7ae520>
  File "/home/liujx/miniconda3/envs/py311/lib/python3.11/multiprocessing/spawn.py", line 133, in _main
    return self._bootstrap(parent_sentinel)
           │    │          └ 4
           │    └ <function BaseProcess._bootstrap at 0x7c7aaa6c0860>
           └ <SpawnProcess name='SpawnProcess-23' parent=783614 started>
  File "/home/liujx/miniconda3/envs/py311/lib/python3.11/multiprocessing/process.py", line 314, in _bootstrap
    self.run()
    │    └ <function BaseProcess.run at 0x7c7aaa8b3d80>
    └ <SpawnProcess name='SpawnProcess-23' parent=783614 started>
  File "/home/liujx/miniconda3/envs/py311/lib/python3.11/multiprocessing/process.py", line 108, in run
    self._target(*self._args, **self._kwargs)
    │    │        │    │        │    └ {'config': <uvicorn.config.Config object at 0x7c7aa9f17ad0>, 'target': <bound method Server.run of <uvicorn.server.Server obj...
    │    │        │    │        └ <SpawnProcess name='SpawnProcess-23' parent=783614 started>
    │    │        │    └ ()
    │    │        └ <SpawnProcess name='SpawnProcess-23' parent=783614 started>
    │    └ <function subprocess_started at 0x7c7aa9bb7880>
    └ <SpawnProcess name='SpawnProcess-23' parent=783614 started>
  File "/home/liujx/miniconda3/envs/py311/lib/python3.11/site-packages/uvicorn/_subprocess.py", line 80, in subprocess_started
    target(sockets=sockets)
    │              └ [<socket.socket fd=3, family=2, type=1, proto=0, laddr=('0.0.0.0', 8000)>]
    └ <bound method Server.run of <uvicorn.server.Server object at 0x7c7aa9c36290>>
  File "/home/liujx/miniconda3/envs/py311/lib/python3.11/site-packages/uvicorn/server.py", line 67, in run
    return asyncio.run(self.serve(sockets=sockets))
           │       │   │    │             └ [<socket.socket fd=3, family=2, type=1, proto=0, laddr=('0.0.0.0', 8000)>]
           │       │   │    └ <function Server.serve at 0x7c7aa9bb6520>
           │       │   └ <uvicorn.server.Server object at 0x7c7aa9c36290>
           │       └ <function run at 0x7c7aa9f13ba0>
           └ <module 'asyncio' from '/home/liujx/miniconda3/envs/py311/lib/python3.11/asyncio/__init__.py'>
  File "/home/liujx/miniconda3/envs/py311/lib/python3.11/asyncio/runners.py", line 190, in run
    return runner.run(main)
           │      │   └ <coroutine object Server.serve at 0x7c7aa9bf2980>
           │      └ <function Runner.run at 0x7c7aa9f87d80>
           └ <asyncio.runners.Runner object at 0x7c7aa9c35910>
  File "/home/liujx/miniconda3/envs/py311/lib/python3.11/asyncio/runners.py", line 118, in run
    return self._loop.run_until_complete(task)
           │    │     │                  └ <Task pending name='Task-1' coro=<Server.serve() running at /home/liujx/miniconda3/envs/py311/lib/python3.11/site-packages/uv...
           │    │     └ <function BaseEventLoop.run_until_complete at 0x7c7aa9f85940>
           │    └ <_UnixSelectorEventLoop running=True closed=False debug=False>
           └ <asyncio.runners.Runner object at 0x7c7aa9c35910>
  File "/home/liujx/miniconda3/envs/py311/lib/python3.11/asyncio/base_events.py", line 637, in run_until_complete
    self.run_forever()
    │    └ <function BaseEventLoop.run_forever at 0x7c7aa9f858a0>
    └ <_UnixSelectorEventLoop running=True closed=False debug=False>
  File "/home/liujx/miniconda3/envs/py311/lib/python3.11/asyncio/base_events.py", line 604, in run_forever
    self._run_once()
    │    └ <function BaseEventLoop._run_once at 0x7c7aa9f876a0>
    └ <_UnixSelectorEventLoop running=True closed=False debug=False>
  File "/home/liujx/miniconda3/envs/py311/lib/python3.11/asyncio/base_events.py", line 1909, in _run_once
    handle._run()
    │      └ <function Handle._run at 0x7c7aa9f2c5e0>
    └ <Handle Task.task_wakeup(<Future finished result=True>)>
  File "/home/liujx/miniconda3/envs/py311/lib/python3.11/asyncio/events.py", line 80, in _run
    self._context.run(self._callback, *self._args)
    │    │            │    │           │    └ <member '_args' of 'Handle' objects>
    │    │            │    │           └ <Handle Task.task_wakeup(<Future finished result=True>)>
    │    │            │    └ <member '_callback' of 'Handle' objects>
    │    │            └ <Handle Task.task_wakeup(<Future finished result=True>)>
    │    └ <member '_context' of 'Handle' objects>
    └ <Handle Task.task_wakeup(<Future finished result=True>)>
  File "/home/liujx/miniconda3/envs/py311/lib/python3.11/site-packages/uvicorn/protocols/http/h11_impl.py", line 403, in run_asgi
    result = await app(  # type: ignore[func-returns-value]
                   └ <uvicorn.middleware.proxy_headers.ProxyHeadersMiddleware object at 0x7c7aa9c37710>
  File "/home/liujx/miniconda3/envs/py311/lib/python3.11/site-packages/uvicorn/middleware/proxy_headers.py", line 60, in __call__
    return await self.app(scope, receive, send)
                 │    │   │      │        └ <bound method RequestResponseCycle.send of <uvicorn.protocols.http.h11_impl.RequestResponseCycle object at 0x7c7aa52a20d0>>
                 │    │   │      └ <bound method RequestResponseCycle.receive of <uvicorn.protocols.http.h11_impl.RequestResponseCycle object at 0x7c7aa52a20d0>>
                 │    │   └ {'type': 'http', 'asgi': {'version': '3.0', 'spec_version': '2.3'}, 'http_version': '1.1', 'server': ('11.11.11.45', 8000), '...
                 │    └ <fastapi.applications.FastAPI object at 0x7c7aa89ab010>
                 └ <uvicorn.middleware.proxy_headers.ProxyHeadersMiddleware object at 0x7c7aa9c37710>
  File "/home/liujx/miniconda3/envs/py311/lib/python3.11/site-packages/fastapi/applications.py", line 1054, in __call__
    await super().__call__(scope, receive, send)
                           │      │        └ <bound method RequestResponseCycle.send of <uvicorn.protocols.http.h11_impl.RequestResponseCycle object at 0x7c7aa52a20d0>>
                           │      └ <bound method RequestResponseCycle.receive of <uvicorn.protocols.http.h11_impl.RequestResponseCycle object at 0x7c7aa52a20d0>>
                           └ {'type': 'http', 'asgi': {'version': '3.0', 'spec_version': '2.3'}, 'http_version': '1.1', 'server': ('11.11.11.45', 8000), '...
  File "/home/liujx/miniconda3/envs/py311/lib/python3.11/site-packages/starlette/applications.py", line 113, in __call__
    await self.middleware_stack(scope, receive, send)
          │    │                │      │        └ <bound method RequestResponseCycle.send of <uvicorn.protocols.http.h11_impl.RequestResponseCycle object at 0x7c7aa52a20d0>>
          │    │                │      └ <bound method RequestResponseCycle.receive of <uvicorn.protocols.http.h11_impl.RequestResponseCycle object at 0x7c7aa52a20d0>>
          │    │                └ {'type': 'http', 'asgi': {'version': '3.0', 'spec_version': '2.3'}, 'http_version': '1.1', 'server': ('11.11.11.45', 8000), '...
          │    └ <starlette.middleware.errors.ServerErrorMiddleware object at 0x7c7aa5c145d0>
          └ <fastapi.applications.FastAPI object at 0x7c7aa89ab010>
  File "/home/liujx/miniconda3/envs/py311/lib/python3.11/site-packages/starlette/middleware/errors.py", line 164, in __call__
    await self.app(scope, receive, _send)
          │    │   │      │        └ <function ServerErrorMiddleware.__call__.<locals>._send at 0x7c7aa5c44f40>
          │    │   │      └ <bound method RequestResponseCycle.receive of <uvicorn.protocols.http.h11_impl.RequestResponseCycle object at 0x7c7aa52a20d0>>
          │    │   └ {'type': 'http', 'asgi': {'version': '3.0', 'spec_version': '2.3'}, 'http_version': '1.1', 'server': ('11.11.11.45', 8000), '...
          │    └ <starlette.middleware.base.BaseHTTPMiddleware object at 0x7c7aa784afd0>
          └ <starlette.middleware.errors.ServerErrorMiddleware object at 0x7c7aa5c145d0>
  File "/home/liujx/miniconda3/envs/py311/lib/python3.11/site-packages/starlette/middleware/base.py", line 184, in __call__
    response = await self.dispatch_func(request, call_next)
                     │    │             │        └ <function BaseHTTPMiddleware.__call__.<locals>.call_next at 0x7c7aa5c45ee0>
                     │    │             └ <starlette.middleware.base._CachedRequest object at 0x7c7aa52a2350>
                     │    └ <function log_middleware at 0x7c7aa9961620>
                     └ <starlette.middleware.base.BaseHTTPMiddleware object at 0x7c7aa784afd0>

> File "/home/liujx/PROJ/taolele/user_api/hooks/middlewares.py", line 7, in log_middleware
    response = await call_next(request)
                     │         └ <starlette.middleware.base._CachedRequest object at 0x7c7aa52a2350>
                     └ <function BaseHTTPMiddleware.__call__.<locals>.call_next at 0x7c7aa5c45ee0>

  File "/home/liujx/miniconda3/envs/py311/lib/python3.11/site-packages/starlette/middleware/base.py", line 159, in call_next
    raise app_exc
          └ ValueError([TypeError("'google._upb._message.Descriptor' object is not iterable"), TypeError('vars() argument must have __dic...
  File "/home/liujx/miniconda3/envs/py311/lib/python3.11/site-packages/starlette/middleware/base.py", line 144, in coro
    await self.app(scope, receive_or_disconnect, send_no_error)
          │    │   │      │                      └ <function BaseHTTPMiddleware.__call__.<locals>.call_next.<locals>.send_no_error at 0x7c7aa9c2bb00>
          │    │   │      └ <function BaseHTTPMiddleware.__call__.<locals>.call_next.<locals>.receive_or_disconnect at 0x7c7aa5c44cc0>
          │    │   └ {'type': 'http', 'asgi': {'version': '3.0', 'spec_version': '2.3'}, 'http_version': '1.1', 'server': ('11.11.11.45', 8000), '...
          │    └ <starlette.middleware.exceptions.ExceptionMiddleware object at 0x7c7aa5bee1d0>
          └ <starlette.middleware.base.BaseHTTPMiddleware object at 0x7c7aa784afd0>
  File "/home/liujx/miniconda3/envs/py311/lib/python3.11/site-packages/starlette/middleware/exceptions.py", line 63, in __call__
    await wrap_app_handling_exceptions(self.app, conn)(scope, receive, send)
          │                            │    │    │     │      │        └ <function BaseHTTPMiddleware.__call__.<locals>.call_next.<locals>.send_no_error at 0x7c7aa9c2bb00>
          │                            │    │    │     │      └ <function BaseHTTPMiddleware.__call__.<locals>.call_next.<locals>.receive_or_disconnect at 0x7c7aa5c44cc0>
          │                            │    │    │     └ {'type': 'http', 'asgi': {'version': '3.0', 'spec_version': '2.3'}, 'http_version': '1.1', 'server': ('11.11.11.45', 8000), '...
          │                            │    │    └ <starlette.requests.Request object at 0x7c7aa52a26d0>
          │                            │    └ <fastapi.routing.APIRouter object at 0x7c7aa5bd43d0>
          │                            └ <starlette.middleware.exceptions.ExceptionMiddleware object at 0x7c7aa5bee1d0>
          └ <function wrap_app_handling_exceptions at 0x7c7aa8d6e660>
  File "/home/liujx/miniconda3/envs/py311/lib/python3.11/site-packages/starlette/_exception_handler.py", line 53, in wrapped_app
    raise exc
  File "/home/liujx/miniconda3/envs/py311/lib/python3.11/site-packages/starlette/_exception_handler.py", line 42, in wrapped_app
    await app(scope, receive, sender)
          │   │      │        └ <function wrap_app_handling_exceptions.<locals>.wrapped_app.<locals>.sender at 0x7c7aa529ef20>
          │   │      └ <function BaseHTTPMiddleware.__call__.<locals>.call_next.<locals>.receive_or_disconnect at 0x7c7aa5c44cc0>
          │   └ {'type': 'http', 'asgi': {'version': '3.0', 'spec_version': '2.3'}, 'http_version': '1.1', 'server': ('11.11.11.45', 8000), '...
          └ <fastapi.routing.APIRouter object at 0x7c7aa5bd43d0>
  File "/home/liujx/miniconda3/envs/py311/lib/python3.11/site-packages/starlette/routing.py", line 716, in __call__
    await self.middleware_stack(scope, receive, send)
          │    │                │      │        └ <function wrap_app_handling_exceptions.<locals>.wrapped_app.<locals>.sender at 0x7c7aa529ef20>
          │    │                │      └ <function BaseHTTPMiddleware.__call__.<locals>.call_next.<locals>.receive_or_disconnect at 0x7c7aa5c44cc0>
          │    │                └ {'type': 'http', 'asgi': {'version': '3.0', 'spec_version': '2.3'}, 'http_version': '1.1', 'server': ('11.11.11.45', 8000), '...
          │    └ <bound method Router.app of <fastapi.routing.APIRouter object at 0x7c7aa5bd43d0>>
          └ <fastapi.routing.APIRouter object at 0x7c7aa5bd43d0>
  File "/home/liujx/miniconda3/envs/py311/lib/python3.11/site-packages/starlette/routing.py", line 736, in app
    await route.handle(scope, receive, send)
          │     │      │      │        └ <function wrap_app_handling_exceptions.<locals>.wrapped_app.<locals>.sender at 0x7c7aa529ef20>
          │     │      │      └ <function BaseHTTPMiddleware.__call__.<locals>.call_next.<locals>.receive_or_disconnect at 0x7c7aa5c44cc0>
          │     │      └ {'type': 'http', 'asgi': {'version': '3.0', 'spec_version': '2.3'}, 'http_version': '1.1', 'server': ('11.11.11.45', 8000), '...
          │     └ <function Route.handle at 0x7c7aa8d6fc40>
          └ APIRoute(path='/address/create', name='create_address', methods=['POST'])
  File "/home/liujx/miniconda3/envs/py311/lib/python3.11/site-packages/starlette/routing.py", line 290, in handle
    await self.app(scope, receive, send)
          │    │   │      │        └ <function wrap_app_handling_exceptions.<locals>.wrapped_app.<locals>.sender at 0x7c7aa529ef20>
          │    │   │      └ <function BaseHTTPMiddleware.__call__.<locals>.call_next.<locals>.receive_or_disconnect at 0x7c7aa5c44cc0>
          │    │   └ {'type': 'http', 'asgi': {'version': '3.0', 'spec_version': '2.3'}, 'http_version': '1.1', 'server': ('11.11.11.45', 8000), '...
          │    └ <function request_response.<locals>.app at 0x7c7aa5c19ee0>
          └ APIRoute(path='/address/create', name='create_address', methods=['POST'])
  File "/home/liujx/miniconda3/envs/py311/lib/python3.11/site-packages/starlette/routing.py", line 78, in app
    await wrap_app_handling_exceptions(app, request)(scope, receive, send)
          │                            │    │        │      │        └ <function wrap_app_handling_exceptions.<locals>.wrapped_app.<locals>.sender at 0x7c7aa529ef20>
          │                            │    │        │      └ <function BaseHTTPMiddleware.__call__.<locals>.call_next.<locals>.receive_or_disconnect at 0x7c7aa5c44cc0>
          │                            │    │        └ {'type': 'http', 'asgi': {'version': '3.0', 'spec_version': '2.3'}, 'http_version': '1.1', 'server': ('11.11.11.45', 8000), '...
          │                            │    └ <starlette.requests.Request object at 0x7c7aa52a2850>
          │                            └ <function request_response.<locals>.app.<locals>.app at 0x7c7aa529efc0>
          └ <function wrap_app_handling_exceptions at 0x7c7aa8d6e660>
  File "/home/liujx/miniconda3/envs/py311/lib/python3.11/site-packages/starlette/_exception_handler.py", line 53, in wrapped_app
    raise exc
  File "/home/liujx/miniconda3/envs/py311/lib/python3.11/site-packages/starlette/_exception_handler.py", line 42, in wrapped_app
    await app(scope, receive, sender)
          │   │      │        └ <function wrap_app_handling_exceptions.<locals>.wrapped_app.<locals>.sender at 0x7c7aa529f100>
          │   │      └ <function BaseHTTPMiddleware.__call__.<locals>.call_next.<locals>.receive_or_disconnect at 0x7c7aa5c44cc0>
          │   └ {'type': 'http', 'asgi': {'version': '3.0', 'spec_version': '2.3'}, 'http_version': '1.1', 'server': ('11.11.11.45', 8000), '...
          └ <function request_response.<locals>.app.<locals>.app at 0x7c7aa529efc0>
  File "/home/liujx/miniconda3/envs/py311/lib/python3.11/site-packages/starlette/routing.py", line 75, in app
    response = await f(request)
                     │ └ <starlette.requests.Request object at 0x7c7aa52a2850>
                     └ <function get_request_handler.<locals>.app at 0x7c7aa5c19f80>
  File "/home/liujx/miniconda3/envs/py311/lib/python3.11/site-packages/fastapi/routing.py", line 328, in app
    content = await serialize_response(
                    └ <function serialize_response at 0x7c7aa9770a40>
  File "/home/liujx/miniconda3/envs/py311/lib/python3.11/site-packages/fastapi/routing.py", line 202, in serialize_response
    return jsonable_encoder(response_content)
           │                └ id: "7eac18d38961482c84b8cf46688025e9"
           │                  realname: "tangs"
           │                  mobile: "13874429866"
           │                  region: "北京"
           │                  detail: "afsdfsdf"
           │                  
           └ <function jsonable_encoder at 0x7c7aa8d6dda0>
  File "/home/liujx/miniconda3/envs/py311/lib/python3.11/site-packages/fastapi/encoders.py", line 333, in jsonable_encoder
    return jsonable_encoder(
           └ <function jsonable_encoder at 0x7c7aa8d6dda0>
  File "/home/liujx/miniconda3/envs/py311/lib/python3.11/site-packages/fastapi/encoders.py", line 333, in jsonable_encoder
    return jsonable_encoder(
           └ <function jsonable_encoder at 0x7c7aa8d6dda0>
  File "/home/liujx/miniconda3/envs/py311/lib/python3.11/site-packages/fastapi/encoders.py", line 289, in jsonable_encoder
    encoded_value = jsonable_encoder(
                    └ <function jsonable_encoder at 0x7c7aa8d6dda0>
  File "/home/liujx/miniconda3/envs/py311/lib/python3.11/site-packages/fastapi/encoders.py", line 332, in jsonable_encoder
    raise ValueError(errors) from e
                     └ [TypeError("'google._upb._message.Descriptor' object is not iterable"), TypeError('vars() argument must have __dict__ attribu...

ValueError: [TypeError("'google._upb._message.Descriptor' object is not iterable"), TypeError('vars() argument must have __dict__ attribute')]
2025-08-07 16:30:15.011 | ERROR    | hooks.middlewares:log_middleware:11 - 发送异常了：
Traceback (most recent call last):

  File "/home/liujx/miniconda3/envs/py311/lib/python3.11/site-packages/fastapi/encoders.py", line 324, in jsonable_encoder
    data = dict(obj)
                └ <google._upb._message.Descriptor object at 0x7620858e18a0>

TypeError: 'google._upb._message.Descriptor' object is not iterable


During handling of the above exception, another exception occurred:


Traceback (most recent call last):

  File "/home/liujx/miniconda3/envs/py311/lib/python3.11/site-packages/fastapi/encoders.py", line 329, in jsonable_encoder
    data = vars(obj)
                └ <google._upb._message.Descriptor object at 0x7620858e18a0>

TypeError: vars() argument must have __dict__ attribute


The above exception was the direct cause of the following exception:


Traceback (most recent call last):

  File "<string>", line 1, in <module>
  File "/home/liujx/miniconda3/envs/py311/lib/python3.11/multiprocessing/spawn.py", line 120, in spawn_main
    exitcode = _main(fd, parent_sentinel)
               │     │   └ 4
               │     └ 7
               └ <function _main at 0x76208a3ea520>
  File "/home/liujx/miniconda3/envs/py311/lib/python3.11/multiprocessing/spawn.py", line 133, in _main
    return self._bootstrap(parent_sentinel)
           │    │          └ 4
           │    └ <function BaseProcess._bootstrap at 0x76208a4fc860>
           └ <SpawnProcess name='SpawnProcess-28' parent=783614 started>
  File "/home/liujx/miniconda3/envs/py311/lib/python3.11/multiprocessing/process.py", line 314, in _bootstrap
    self.run()
    │    └ <function BaseProcess.run at 0x76208a4f3d80>
    └ <SpawnProcess name='SpawnProcess-28' parent=783614 started>
  File "/home/liujx/miniconda3/envs/py311/lib/python3.11/multiprocessing/process.py", line 108, in run
    self._target(*self._args, **self._kwargs)
    │    │        │    │        │    └ {'config': <uvicorn.config.Config object at 0x7620899be590>, 'target': <bound method Server.run of <uvicorn.server.Server obj...
    │    │        │    │        └ <SpawnProcess name='SpawnProcess-28' parent=783614 started>
    │    │        │    └ ()
    │    │        └ <SpawnProcess name='SpawnProcess-28' parent=783614 started>
    │    └ <function subprocess_started at 0x76208981b880>
    └ <SpawnProcess name='SpawnProcess-28' parent=783614 started>
  File "/home/liujx/miniconda3/envs/py311/lib/python3.11/site-packages/uvicorn/_subprocess.py", line 80, in subprocess_started
    target(sockets=sockets)
    │              └ [<socket.socket fd=3, family=2, type=1, proto=0, laddr=('0.0.0.0', 8000)>]
    └ <bound method Server.run of <uvicorn.server.Server object at 0x76208989a550>>
  File "/home/liujx/miniconda3/envs/py311/lib/python3.11/site-packages/uvicorn/server.py", line 67, in run
    return asyncio.run(self.serve(sockets=sockets))
           │       │   │    │             └ [<socket.socket fd=3, family=2, type=1, proto=0, laddr=('0.0.0.0', 8000)>]
           │       │   │    └ <function Server.serve at 0x76208981a520>
           │       │   └ <uvicorn.server.Server object at 0x76208989a550>
           │       └ <function run at 0x762089b0bba0>
           └ <module 'asyncio' from '/home/liujx/miniconda3/envs/py311/lib/python3.11/asyncio/__init__.py'>
  File "/home/liujx/miniconda3/envs/py311/lib/python3.11/asyncio/runners.py", line 190, in run
    return runner.run(main)
           │      │   └ <coroutine object Server.serve at 0x762089856980>
           │      └ <function Runner.run at 0x762089b7fd80>
           └ <asyncio.runners.Runner object at 0x762089888490>
  File "/home/liujx/miniconda3/envs/py311/lib/python3.11/asyncio/runners.py", line 118, in run
    return self._loop.run_until_complete(task)
           │    │     │                  └ <Task pending name='Task-1' coro=<Server.serve() running at /home/liujx/miniconda3/envs/py311/lib/python3.11/site-packages/uv...
           │    │     └ <function BaseEventLoop.run_until_complete at 0x762089b7d940>
           │    └ <_UnixSelectorEventLoop running=True closed=False debug=False>
           └ <asyncio.runners.Runner object at 0x762089888490>
  File "/home/liujx/miniconda3/envs/py311/lib/python3.11/asyncio/base_events.py", line 637, in run_until_complete
    self.run_forever()
    │    └ <function BaseEventLoop.run_forever at 0x762089b7d8a0>
    └ <_UnixSelectorEventLoop running=True closed=False debug=False>
  File "/home/liujx/miniconda3/envs/py311/lib/python3.11/asyncio/base_events.py", line 604, in run_forever
    self._run_once()
    │    └ <function BaseEventLoop._run_once at 0x762089b7f6a0>
    └ <_UnixSelectorEventLoop running=True closed=False debug=False>
  File "/home/liujx/miniconda3/envs/py311/lib/python3.11/asyncio/base_events.py", line 1909, in _run_once
    handle._run()
    │      └ <function Handle._run at 0x762089b285e0>
    └ <Handle Task.task_wakeup(<Future finished result=True>)>
  File "/home/liujx/miniconda3/envs/py311/lib/python3.11/asyncio/events.py", line 80, in _run
    self._context.run(self._callback, *self._args)
    │    │            │    │           │    └ <member '_args' of 'Handle' objects>
    │    │            │    │           └ <Handle Task.task_wakeup(<Future finished result=True>)>
    │    │            │    └ <member '_callback' of 'Handle' objects>
    │    │            └ <Handle Task.task_wakeup(<Future finished result=True>)>
    │    └ <member '_context' of 'Handle' objects>
    └ <Handle Task.task_wakeup(<Future finished result=True>)>
  File "/home/liujx/miniconda3/envs/py311/lib/python3.11/site-packages/uvicorn/protocols/http/h11_impl.py", line 403, in run_asgi
    result = await app(  # type: ignore[func-returns-value]
                   └ <uvicorn.middleware.proxy_headers.ProxyHeadersMiddleware object at 0x762089888590>
  File "/home/liujx/miniconda3/envs/py311/lib/python3.11/site-packages/uvicorn/middleware/proxy_headers.py", line 60, in __call__
    return await self.app(scope, receive, send)
                 │    │   │      │        └ <bound method RequestResponseCycle.send of <uvicorn.protocols.http.h11_impl.RequestResponseCycle object at 0x762084f91f50>>
                 │    │   │      └ <bound method RequestResponseCycle.receive of <uvicorn.protocols.http.h11_impl.RequestResponseCycle object at 0x762084f91f50>>
                 │    │   └ {'type': 'http', 'asgi': {'version': '3.0', 'spec_version': '2.3'}, 'http_version': '1.1', 'server': ('11.11.11.45', 8000), '...
                 │    └ <fastapi.applications.FastAPI object at 0x76208896ae90>
                 └ <uvicorn.middleware.proxy_headers.ProxyHeadersMiddleware object at 0x762089888590>
  File "/home/liujx/miniconda3/envs/py311/lib/python3.11/site-packages/fastapi/applications.py", line 1054, in __call__
    await super().__call__(scope, receive, send)
                           │      │        └ <bound method RequestResponseCycle.send of <uvicorn.protocols.http.h11_impl.RequestResponseCycle object at 0x762084f91f50>>
                           │      └ <bound method RequestResponseCycle.receive of <uvicorn.protocols.http.h11_impl.RequestResponseCycle object at 0x762084f91f50>>
                           └ {'type': 'http', 'asgi': {'version': '3.0', 'spec_version': '2.3'}, 'http_version': '1.1', 'server': ('11.11.11.45', 8000), '...
  File "/home/liujx/miniconda3/envs/py311/lib/python3.11/site-packages/starlette/applications.py", line 113, in __call__
    await self.middleware_stack(scope, receive, send)
          │    │                │      │        └ <bound method RequestResponseCycle.send of <uvicorn.protocols.http.h11_impl.RequestResponseCycle object at 0x762084f91f50>>
          │    │                │      └ <bound method RequestResponseCycle.receive of <uvicorn.protocols.http.h11_impl.RequestResponseCycle object at 0x762084f91f50>>
          │    │                └ {'type': 'http', 'asgi': {'version': '3.0', 'spec_version': '2.3'}, 'http_version': '1.1', 'server': ('11.11.11.45', 8000), '...
          │    └ <starlette.middleware.errors.ServerErrorMiddleware object at 0x7620858d6450>
          └ <fastapi.applications.FastAPI object at 0x76208896ae90>
  File "/home/liujx/miniconda3/envs/py311/lib/python3.11/site-packages/starlette/middleware/errors.py", line 164, in __call__
    await self.app(scope, receive, _send)
          │    │   │      │        └ <function ServerErrorMiddleware.__call__.<locals>._send at 0x76208988f9c0>
          │    │   │      └ <bound method RequestResponseCycle.receive of <uvicorn.protocols.http.h11_impl.RequestResponseCycle object at 0x762084f91f50>>
          │    │   └ {'type': 'http', 'asgi': {'version': '3.0', 'spec_version': '2.3'}, 'http_version': '1.1', 'server': ('11.11.11.45', 8000), '...
          │    └ <starlette.middleware.base.BaseHTTPMiddleware object at 0x7620858d61d0>
          └ <starlette.middleware.errors.ServerErrorMiddleware object at 0x7620858d6450>
  File "/home/liujx/miniconda3/envs/py311/lib/python3.11/site-packages/starlette/middleware/base.py", line 184, in __call__
    response = await self.dispatch_func(request, call_next)
                     │    │             │        └ <function BaseHTTPMiddleware.__call__.<locals>.call_next at 0x762084f839c0>
                     │    │             └ <starlette.middleware.base._CachedRequest object at 0x762084f92550>
                     │    └ <function log_middleware at 0x762089629620>
                     └ <starlette.middleware.base.BaseHTTPMiddleware object at 0x7620858d61d0>

> File "/home/liujx/PROJ/taolele/user_api/hooks/middlewares.py", line 7, in log_middleware
    response = await call_next(request)
                     │         └ <starlette.middleware.base._CachedRequest object at 0x762084f92550>
                     └ <function BaseHTTPMiddleware.__call__.<locals>.call_next at 0x762084f839c0>

  File "/home/liujx/miniconda3/envs/py311/lib/python3.11/site-packages/starlette/middleware/base.py", line 159, in call_next
    raise app_exc
          └ ValueError([TypeError("'google._upb._message.Descriptor' object is not iterable"), TypeError('vars() argument must have __dic...
  File "/home/liujx/miniconda3/envs/py311/lib/python3.11/site-packages/starlette/middleware/base.py", line 144, in coro
    await self.app(scope, receive_or_disconnect, send_no_error)
          │    │   │      │                      └ <function BaseHTTPMiddleware.__call__.<locals>.call_next.<locals>.send_no_error at 0x762084f83740>
          │    │   │      └ <function BaseHTTPMiddleware.__call__.<locals>.call_next.<locals>.receive_or_disconnect at 0x762084f83a60>
          │    │   └ {'type': 'http', 'asgi': {'version': '3.0', 'spec_version': '2.3'}, 'http_version': '1.1', 'server': ('11.11.11.45', 8000), '...
          │    └ <starlette.middleware.exceptions.ExceptionMiddleware object at 0x7620858d56d0>
          └ <starlette.middleware.base.BaseHTTPMiddleware object at 0x7620858d61d0>
  File "/home/liujx/miniconda3/envs/py311/lib/python3.11/site-packages/starlette/middleware/exceptions.py", line 63, in __call__
    await wrap_app_handling_exceptions(self.app, conn)(scope, receive, send)
          │                            │    │    │     │      │        └ <function BaseHTTPMiddleware.__call__.<locals>.call_next.<locals>.send_no_error at 0x762084f83740>
          │                            │    │    │     │      └ <function BaseHTTPMiddleware.__call__.<locals>.call_next.<locals>.receive_or_disconnect at 0x762084f83a60>
          │                            │    │    │     └ {'type': 'http', 'asgi': {'version': '3.0', 'spec_version': '2.3'}, 'http_version': '1.1', 'server': ('11.11.11.45', 8000), '...
          │                            │    │    └ <starlette.requests.Request object at 0x762084f92990>
          │                            │    └ <fastapi.routing.APIRouter object at 0x7620858cf610>
          │                            └ <starlette.middleware.exceptions.ExceptionMiddleware object at 0x7620858d56d0>
          └ <function wrap_app_handling_exceptions at 0x762088a42660>
  File "/home/liujx/miniconda3/envs/py311/lib/python3.11/site-packages/starlette/_exception_handler.py", line 53, in wrapped_app
    raise exc
  File "/home/liujx/miniconda3/envs/py311/lib/python3.11/site-packages/starlette/_exception_handler.py", line 42, in wrapped_app
    await app(scope, receive, sender)
          │   │      │        └ <function wrap_app_handling_exceptions.<locals>.wrapped_app.<locals>.sender at 0x762084f94220>
          │   │      └ <function BaseHTTPMiddleware.__call__.<locals>.call_next.<locals>.receive_or_disconnect at 0x762084f83a60>
          │   └ {'type': 'http', 'asgi': {'version': '3.0', 'spec_version': '2.3'}, 'http_version': '1.1', 'server': ('11.11.11.45', 8000), '...
          └ <fastapi.routing.APIRouter object at 0x7620858cf610>
  File "/home/liujx/miniconda3/envs/py311/lib/python3.11/site-packages/starlette/routing.py", line 716, in __call__
    await self.middleware_stack(scope, receive, send)
          │    │                │      │        └ <function wrap_app_handling_exceptions.<locals>.wrapped_app.<locals>.sender at 0x762084f94220>
          │    │                │      └ <function BaseHTTPMiddleware.__call__.<locals>.call_next.<locals>.receive_or_disconnect at 0x762084f83a60>
          │    │                └ {'type': 'http', 'asgi': {'version': '3.0', 'spec_version': '2.3'}, 'http_version': '1.1', 'server': ('11.11.11.45', 8000), '...
          │    └ <bound method Router.app of <fastapi.routing.APIRouter object at 0x7620858cf610>>
          └ <fastapi.routing.APIRouter object at 0x7620858cf610>
  File "/home/liujx/miniconda3/envs/py311/lib/python3.11/site-packages/starlette/routing.py", line 736, in app
    await route.handle(scope, receive, send)
          │     │      │      │        └ <function wrap_app_handling_exceptions.<locals>.wrapped_app.<locals>.sender at 0x762084f94220>
          │     │      │      └ <function BaseHTTPMiddleware.__call__.<locals>.call_next.<locals>.receive_or_disconnect at 0x762084f83a60>
          │     │      └ {'type': 'http', 'asgi': {'version': '3.0', 'spec_version': '2.3'}, 'http_version': '1.1', 'server': ('11.11.11.45', 8000), '...
          │     └ <function Route.handle at 0x762088a43c40>
          └ APIRoute(path='/address/create', name='create_address', methods=['POST'])
  File "/home/liujx/miniconda3/envs/py311/lib/python3.11/site-packages/starlette/routing.py", line 290, in handle
    await self.app(scope, receive, send)
          │    │   │      │        └ <function wrap_app_handling_exceptions.<locals>.wrapped_app.<locals>.sender at 0x762084f94220>
          │    │   │      └ <function BaseHTTPMiddleware.__call__.<locals>.call_next.<locals>.receive_or_disconnect at 0x762084f83a60>
          │    │   └ {'type': 'http', 'asgi': {'version': '3.0', 'spec_version': '2.3'}, 'http_version': '1.1', 'server': ('11.11.11.45', 8000), '...
          │    └ <function request_response.<locals>.app at 0x762085901ee0>
          └ APIRoute(path='/address/create', name='create_address', methods=['POST'])
  File "/home/liujx/miniconda3/envs/py311/lib/python3.11/site-packages/starlette/routing.py", line 78, in app
    await wrap_app_handling_exceptions(app, request)(scope, receive, send)
          │                            │    │        │      │        └ <function wrap_app_handling_exceptions.<locals>.wrapped_app.<locals>.sender at 0x762084f94220>
          │                            │    │        │      └ <function BaseHTTPMiddleware.__call__.<locals>.call_next.<locals>.receive_or_disconnect at 0x762084f83a60>
          │                            │    │        └ {'type': 'http', 'asgi': {'version': '3.0', 'spec_version': '2.3'}, 'http_version': '1.1', 'server': ('11.11.11.45', 8000), '...
          │                            │    └ <starlette.requests.Request object at 0x762084f92a90>
          │                            └ <function request_response.<locals>.app.<locals>.app at 0x762084f94400>
          └ <function wrap_app_handling_exceptions at 0x762088a42660>
  File "/home/liujx/miniconda3/envs/py311/lib/python3.11/site-packages/starlette/_exception_handler.py", line 53, in wrapped_app
    raise exc
  File "/home/liujx/miniconda3/envs/py311/lib/python3.11/site-packages/starlette/_exception_handler.py", line 42, in wrapped_app
    await app(scope, receive, sender)
          │   │      │        └ <function wrap_app_handling_exceptions.<locals>.wrapped_app.<locals>.sender at 0x762084f94540>
          │   │      └ <function BaseHTTPMiddleware.__call__.<locals>.call_next.<locals>.receive_or_disconnect at 0x762084f83a60>
          │   └ {'type': 'http', 'asgi': {'version': '3.0', 'spec_version': '2.3'}, 'http_version': '1.1', 'server': ('11.11.11.45', 8000), '...
          └ <function request_response.<locals>.app.<locals>.app at 0x762084f94400>
  File "/home/liujx/miniconda3/envs/py311/lib/python3.11/site-packages/starlette/routing.py", line 75, in app
    response = await f(request)
                     │ └ <starlette.requests.Request object at 0x762084f92a90>
                     └ <function get_request_handler.<locals>.app at 0x762085901f80>
  File "/home/liujx/miniconda3/envs/py311/lib/python3.11/site-packages/fastapi/routing.py", line 328, in app
    content = await serialize_response(
                    └ <function serialize_response at 0x762088f84a40>
  File "/home/liujx/miniconda3/envs/py311/lib/python3.11/site-packages/fastapi/routing.py", line 202, in serialize_response
    return jsonable_encoder(response_content)
           │                └ id: "62082c2df63845e7a590321fbda19c08"
           │                  realname: "tangs"
           │                  mobile: "13874429866"
           │                  region: "北京"
           │                  detail: "afsdfsdf"
           │                  
           └ <function jsonable_encoder at 0x762088a41da0>
  File "/home/liujx/miniconda3/envs/py311/lib/python3.11/site-packages/fastapi/encoders.py", line 333, in jsonable_encoder
    return jsonable_encoder(
           └ <function jsonable_encoder at 0x762088a41da0>
  File "/home/liujx/miniconda3/envs/py311/lib/python3.11/site-packages/fastapi/encoders.py", line 333, in jsonable_encoder
    return jsonable_encoder(
           └ <function jsonable_encoder at 0x762088a41da0>
  File "/home/liujx/miniconda3/envs/py311/lib/python3.11/site-packages/fastapi/encoders.py", line 289, in jsonable_encoder
    encoded_value = jsonable_encoder(
                    └ <function jsonable_encoder at 0x762088a41da0>
  File "/home/liujx/miniconda3/envs/py311/lib/python3.11/site-packages/fastapi/encoders.py", line 332, in jsonable_encoder
    raise ValueError(errors) from e
                     └ [TypeError("'google._upb._message.Descriptor' object is not iterable"), TypeError('vars() argument must have __dict__ attribu...

ValueError: [TypeError("'google._upb._message.Descriptor' object is not iterable"), TypeError('vars() argument must have __dict__ attribute')]
2025-08-07 16:30:33.994 | ERROR    | hooks.middlewares:log_middleware:11 - 发送异常了：
Traceback (most recent call last):

  File "/home/liujx/miniconda3/envs/py311/lib/python3.11/site-packages/fastapi/encoders.py", line 324, in jsonable_encoder
    data = dict(obj)
                └ <google._upb._message.Descriptor object at 0x7620858e18a0>

TypeError: 'google._upb._message.Descriptor' object is not iterable


During handling of the above exception, another exception occurred:


Traceback (most recent call last):

  File "/home/liujx/miniconda3/envs/py311/lib/python3.11/site-packages/fastapi/encoders.py", line 329, in jsonable_encoder
    data = vars(obj)
                └ <google._upb._message.Descriptor object at 0x7620858e18a0>

TypeError: vars() argument must have __dict__ attribute


The above exception was the direct cause of the following exception:


Traceback (most recent call last):

  File "<string>", line 1, in <module>
  File "/home/liujx/miniconda3/envs/py311/lib/python3.11/multiprocessing/spawn.py", line 120, in spawn_main
    exitcode = _main(fd, parent_sentinel)
               │     │   └ 4
               │     └ 7
               └ <function _main at 0x76208a3ea520>
  File "/home/liujx/miniconda3/envs/py311/lib/python3.11/multiprocessing/spawn.py", line 133, in _main
    return self._bootstrap(parent_sentinel)
           │    │          └ 4
           │    └ <function BaseProcess._bootstrap at 0x76208a4fc860>
           └ <SpawnProcess name='SpawnProcess-28' parent=783614 started>
  File "/home/liujx/miniconda3/envs/py311/lib/python3.11/multiprocessing/process.py", line 314, in _bootstrap
    self.run()
    │    └ <function BaseProcess.run at 0x76208a4f3d80>
    └ <SpawnProcess name='SpawnProcess-28' parent=783614 started>
  File "/home/liujx/miniconda3/envs/py311/lib/python3.11/multiprocessing/process.py", line 108, in run
    self._target(*self._args, **self._kwargs)
    │    │        │    │        │    └ {'config': <uvicorn.config.Config object at 0x7620899be590>, 'target': <bound method Server.run of <uvicorn.server.Server obj...
    │    │        │    │        └ <SpawnProcess name='SpawnProcess-28' parent=783614 started>
    │    │        │    └ ()
    │    │        └ <SpawnProcess name='SpawnProcess-28' parent=783614 started>
    │    └ <function subprocess_started at 0x76208981b880>
    └ <SpawnProcess name='SpawnProcess-28' parent=783614 started>
  File "/home/liujx/miniconda3/envs/py311/lib/python3.11/site-packages/uvicorn/_subprocess.py", line 80, in subprocess_started
    target(sockets=sockets)
    │              └ [<socket.socket fd=3, family=2, type=1, proto=0, laddr=('0.0.0.0', 8000)>]
    └ <bound method Server.run of <uvicorn.server.Server object at 0x76208989a550>>
  File "/home/liujx/miniconda3/envs/py311/lib/python3.11/site-packages/uvicorn/server.py", line 67, in run
    return asyncio.run(self.serve(sockets=sockets))
           │       │   │    │             └ [<socket.socket fd=3, family=2, type=1, proto=0, laddr=('0.0.0.0', 8000)>]
           │       │   │    └ <function Server.serve at 0x76208981a520>
           │       │   └ <uvicorn.server.Server object at 0x76208989a550>
           │       └ <function run at 0x762089b0bba0>
           └ <module 'asyncio' from '/home/liujx/miniconda3/envs/py311/lib/python3.11/asyncio/__init__.py'>
  File "/home/liujx/miniconda3/envs/py311/lib/python3.11/asyncio/runners.py", line 190, in run
    return runner.run(main)
           │      │   └ <coroutine object Server.serve at 0x762089856980>
           │      └ <function Runner.run at 0x762089b7fd80>
           └ <asyncio.runners.Runner object at 0x762089888490>
  File "/home/liujx/miniconda3/envs/py311/lib/python3.11/asyncio/runners.py", line 118, in run
    return self._loop.run_until_complete(task)
           │    │     │                  └ <Task pending name='Task-1' coro=<Server.serve() running at /home/liujx/miniconda3/envs/py311/lib/python3.11/site-packages/uv...
           │    │     └ <function BaseEventLoop.run_until_complete at 0x762089b7d940>
           │    └ <_UnixSelectorEventLoop running=True closed=False debug=False>
           └ <asyncio.runners.Runner object at 0x762089888490>
  File "/home/liujx/miniconda3/envs/py311/lib/python3.11/asyncio/base_events.py", line 637, in run_until_complete
    self.run_forever()
    │    └ <function BaseEventLoop.run_forever at 0x762089b7d8a0>
    └ <_UnixSelectorEventLoop running=True closed=False debug=False>
  File "/home/liujx/miniconda3/envs/py311/lib/python3.11/asyncio/base_events.py", line 604, in run_forever
    self._run_once()
    │    └ <function BaseEventLoop._run_once at 0x762089b7f6a0>
    └ <_UnixSelectorEventLoop running=True closed=False debug=False>
  File "/home/liujx/miniconda3/envs/py311/lib/python3.11/asyncio/base_events.py", line 1909, in _run_once
    handle._run()
    │      └ <function Handle._run at 0x762089b285e0>
    └ <Handle Task.task_wakeup(<Future finished result=True>)>
  File "/home/liujx/miniconda3/envs/py311/lib/python3.11/asyncio/events.py", line 80, in _run
    self._context.run(self._callback, *self._args)
    │    │            │    │           │    └ <member '_args' of 'Handle' objects>
    │    │            │    │           └ <Handle Task.task_wakeup(<Future finished result=True>)>
    │    │            │    └ <member '_callback' of 'Handle' objects>
    │    │            └ <Handle Task.task_wakeup(<Future finished result=True>)>
    │    └ <member '_context' of 'Handle' objects>
    └ <Handle Task.task_wakeup(<Future finished result=True>)>
  File "/home/liujx/miniconda3/envs/py311/lib/python3.11/site-packages/uvicorn/protocols/http/h11_impl.py", line 403, in run_asgi
    result = await app(  # type: ignore[func-returns-value]
                   └ <uvicorn.middleware.proxy_headers.ProxyHeadersMiddleware object at 0x762089888590>
  File "/home/liujx/miniconda3/envs/py311/lib/python3.11/site-packages/uvicorn/middleware/proxy_headers.py", line 60, in __call__
    return await self.app(scope, receive, send)
                 │    │   │      │        └ <bound method RequestResponseCycle.send of <uvicorn.protocols.http.h11_impl.RequestResponseCycle object at 0x7620846f8dd0>>
                 │    │   │      └ <bound method RequestResponseCycle.receive of <uvicorn.protocols.http.h11_impl.RequestResponseCycle object at 0x7620846f8dd0>>
                 │    │   └ {'type': 'http', 'asgi': {'version': '3.0', 'spec_version': '2.3'}, 'http_version': '1.1', 'server': ('11.11.11.45', 8000), '...
                 │    └ <fastapi.applications.FastAPI object at 0x76208896ae90>
                 └ <uvicorn.middleware.proxy_headers.ProxyHeadersMiddleware object at 0x762089888590>
  File "/home/liujx/miniconda3/envs/py311/lib/python3.11/site-packages/fastapi/applications.py", line 1054, in __call__
    await super().__call__(scope, receive, send)
                           │      │        └ <bound method RequestResponseCycle.send of <uvicorn.protocols.http.h11_impl.RequestResponseCycle object at 0x7620846f8dd0>>
                           │      └ <bound method RequestResponseCycle.receive of <uvicorn.protocols.http.h11_impl.RequestResponseCycle object at 0x7620846f8dd0>>
                           └ {'type': 'http', 'asgi': {'version': '3.0', 'spec_version': '2.3'}, 'http_version': '1.1', 'server': ('11.11.11.45', 8000), '...
  File "/home/liujx/miniconda3/envs/py311/lib/python3.11/site-packages/starlette/applications.py", line 113, in __call__
    await self.middleware_stack(scope, receive, send)
          │    │                │      │        └ <bound method RequestResponseCycle.send of <uvicorn.protocols.http.h11_impl.RequestResponseCycle object at 0x7620846f8dd0>>
          │    │                │      └ <bound method RequestResponseCycle.receive of <uvicorn.protocols.http.h11_impl.RequestResponseCycle object at 0x7620846f8dd0>>
          │    │                └ {'type': 'http', 'asgi': {'version': '3.0', 'spec_version': '2.3'}, 'http_version': '1.1', 'server': ('11.11.11.45', 8000), '...
          │    └ <starlette.middleware.errors.ServerErrorMiddleware object at 0x7620858d6450>
          └ <fastapi.applications.FastAPI object at 0x76208896ae90>
  File "/home/liujx/miniconda3/envs/py311/lib/python3.11/site-packages/starlette/middleware/errors.py", line 164, in __call__
    await self.app(scope, receive, _send)
          │    │   │      │        └ <function ServerErrorMiddleware.__call__.<locals>._send at 0x76208610a0c0>
          │    │   │      └ <bound method RequestResponseCycle.receive of <uvicorn.protocols.http.h11_impl.RequestResponseCycle object at 0x7620846f8dd0>>
          │    │   └ {'type': 'http', 'asgi': {'version': '3.0', 'spec_version': '2.3'}, 'http_version': '1.1', 'server': ('11.11.11.45', 8000), '...
          │    └ <starlette.middleware.base.BaseHTTPMiddleware object at 0x7620858d61d0>
          └ <starlette.middleware.errors.ServerErrorMiddleware object at 0x7620858d6450>
  File "/home/liujx/miniconda3/envs/py311/lib/python3.11/site-packages/starlette/middleware/base.py", line 184, in __call__
    response = await self.dispatch_func(request, call_next)
                     │    │             │        └ <function BaseHTTPMiddleware.__call__.<locals>.call_next at 0x762084f83ec0>
                     │    │             └ <starlette.middleware.base._CachedRequest object at 0x7620846f9090>
                     │    └ <function log_middleware at 0x762089629620>
                     └ <starlette.middleware.base.BaseHTTPMiddleware object at 0x7620858d61d0>

> File "/home/liujx/PROJ/taolele/user_api/hooks/middlewares.py", line 7, in log_middleware
    response = await call_next(request)
                     │         └ <starlette.middleware.base._CachedRequest object at 0x7620846f9090>
                     └ <function BaseHTTPMiddleware.__call__.<locals>.call_next at 0x762084f83ec0>

  File "/home/liujx/miniconda3/envs/py311/lib/python3.11/site-packages/starlette/middleware/base.py", line 159, in call_next
    raise app_exc
          └ ValueError([TypeError("'google._upb._message.Descriptor' object is not iterable"), TypeError('vars() argument must have __dic...
  File "/home/liujx/miniconda3/envs/py311/lib/python3.11/site-packages/starlette/middleware/base.py", line 144, in coro
    await self.app(scope, receive_or_disconnect, send_no_error)
          │    │   │      │                      └ <function BaseHTTPMiddleware.__call__.<locals>.call_next.<locals>.send_no_error at 0x762084f95d00>
          │    │   │      └ <function BaseHTTPMiddleware.__call__.<locals>.call_next.<locals>.receive_or_disconnect at 0x762084f94900>
          │    │   └ {'type': 'http', 'asgi': {'version': '3.0', 'spec_version': '2.3'}, 'http_version': '1.1', 'server': ('11.11.11.45', 8000), '...
          │    └ <starlette.middleware.exceptions.ExceptionMiddleware object at 0x7620858d56d0>
          └ <starlette.middleware.base.BaseHTTPMiddleware object at 0x7620858d61d0>
  File "/home/liujx/miniconda3/envs/py311/lib/python3.11/site-packages/starlette/middleware/exceptions.py", line 63, in __call__
    await wrap_app_handling_exceptions(self.app, conn)(scope, receive, send)
          │                            │    │    │     │      │        └ <function BaseHTTPMiddleware.__call__.<locals>.call_next.<locals>.send_no_error at 0x762084f95d00>
          │                            │    │    │     │      └ <function BaseHTTPMiddleware.__call__.<locals>.call_next.<locals>.receive_or_disconnect at 0x762084f94900>
          │                            │    │    │     └ {'type': 'http', 'asgi': {'version': '3.0', 'spec_version': '2.3'}, 'http_version': '1.1', 'server': ('11.11.11.45', 8000), '...
          │                            │    │    └ <starlette.requests.Request object at 0x76208592be50>
          │                            │    └ <fastapi.routing.APIRouter object at 0x7620858cf610>
          │                            └ <starlette.middleware.exceptions.ExceptionMiddleware object at 0x7620858d56d0>
          └ <function wrap_app_handling_exceptions at 0x762088a42660>
  File "/home/liujx/miniconda3/envs/py311/lib/python3.11/site-packages/starlette/_exception_handler.py", line 53, in wrapped_app
    raise exc
  File "/home/liujx/miniconda3/envs/py311/lib/python3.11/site-packages/starlette/_exception_handler.py", line 42, in wrapped_app
    await app(scope, receive, sender)
          │   │      │        └ <function wrap_app_handling_exceptions.<locals>.wrapped_app.<locals>.sender at 0x762084f95da0>
          │   │      └ <function BaseHTTPMiddleware.__call__.<locals>.call_next.<locals>.receive_or_disconnect at 0x762084f94900>
          │   └ {'type': 'http', 'asgi': {'version': '3.0', 'spec_version': '2.3'}, 'http_version': '1.1', 'server': ('11.11.11.45', 8000), '...
          └ <fastapi.routing.APIRouter object at 0x7620858cf610>
  File "/home/liujx/miniconda3/envs/py311/lib/python3.11/site-packages/starlette/routing.py", line 716, in __call__
    await self.middleware_stack(scope, receive, send)
          │    │                │      │        └ <function wrap_app_handling_exceptions.<locals>.wrapped_app.<locals>.sender at 0x762084f95da0>
          │    │                │      └ <function BaseHTTPMiddleware.__call__.<locals>.call_next.<locals>.receive_or_disconnect at 0x762084f94900>
          │    │                └ {'type': 'http', 'asgi': {'version': '3.0', 'spec_version': '2.3'}, 'http_version': '1.1', 'server': ('11.11.11.45', 8000), '...
          │    └ <bound method Router.app of <fastapi.routing.APIRouter object at 0x7620858cf610>>
          └ <fastapi.routing.APIRouter object at 0x7620858cf610>
  File "/home/liujx/miniconda3/envs/py311/lib/python3.11/site-packages/starlette/routing.py", line 736, in app
    await route.handle(scope, receive, send)
          │     │      │      │        └ <function wrap_app_handling_exceptions.<locals>.wrapped_app.<locals>.sender at 0x762084f95da0>
          │     │      │      └ <function BaseHTTPMiddleware.__call__.<locals>.call_next.<locals>.receive_or_disconnect at 0x762084f94900>
          │     │      └ {'type': 'http', 'asgi': {'version': '3.0', 'spec_version': '2.3'}, 'http_version': '1.1', 'server': ('11.11.11.45', 8000), '...
          │     └ <function Route.handle at 0x762088a43c40>
          └ APIRoute(path='/address/create', name='create_address', methods=['POST'])
  File "/home/liujx/miniconda3/envs/py311/lib/python3.11/site-packages/starlette/routing.py", line 290, in handle
    await self.app(scope, receive, send)
          │    │   │      │        └ <function wrap_app_handling_exceptions.<locals>.wrapped_app.<locals>.sender at 0x762084f95da0>
          │    │   │      └ <function BaseHTTPMiddleware.__call__.<locals>.call_next.<locals>.receive_or_disconnect at 0x762084f94900>
          │    │   └ {'type': 'http', 'asgi': {'version': '3.0', 'spec_version': '2.3'}, 'http_version': '1.1', 'server': ('11.11.11.45', 8000), '...
          │    └ <function request_response.<locals>.app at 0x762085901ee0>
          └ APIRoute(path='/address/create', name='create_address', methods=['POST'])
  File "/home/liujx/miniconda3/envs/py311/lib/python3.11/site-packages/starlette/routing.py", line 78, in app
    await wrap_app_handling_exceptions(app, request)(scope, receive, send)
          │                            │    │        │      │        └ <function wrap_app_handling_exceptions.<locals>.wrapped_app.<locals>.sender at 0x762084f95da0>
          │                            │    │        │      └ <function BaseHTTPMiddleware.__call__.<locals>.call_next.<locals>.receive_or_disconnect at 0x762084f94900>
          │                            │    │        └ {'type': 'http', 'asgi': {'version': '3.0', 'spec_version': '2.3'}, 'http_version': '1.1', 'server': ('11.11.11.45', 8000), '...
          │                            │    └ <starlette.requests.Request object at 0x7620846f9450>
          │                            └ <function request_response.<locals>.app.<locals>.app at 0x762084f95e40>
          └ <function wrap_app_handling_exceptions at 0x762088a42660>
  File "/home/liujx/miniconda3/envs/py311/lib/python3.11/site-packages/starlette/_exception_handler.py", line 53, in wrapped_app
    raise exc
  File "/home/liujx/miniconda3/envs/py311/lib/python3.11/site-packages/starlette/_exception_handler.py", line 42, in wrapped_app
    await app(scope, receive, sender)
          │   │      │        └ <function wrap_app_handling_exceptions.<locals>.wrapped_app.<locals>.sender at 0x762084f95f80>
          │   │      └ <function BaseHTTPMiddleware.__call__.<locals>.call_next.<locals>.receive_or_disconnect at 0x762084f94900>
          │   └ {'type': 'http', 'asgi': {'version': '3.0', 'spec_version': '2.3'}, 'http_version': '1.1', 'server': ('11.11.11.45', 8000), '...
          └ <function request_response.<locals>.app.<locals>.app at 0x762084f95e40>
  File "/home/liujx/miniconda3/envs/py311/lib/python3.11/site-packages/starlette/routing.py", line 75, in app
    response = await f(request)
                     │ └ <starlette.requests.Request object at 0x7620846f9450>
                     └ <function get_request_handler.<locals>.app at 0x762085901f80>
  File "/home/liujx/miniconda3/envs/py311/lib/python3.11/site-packages/fastapi/routing.py", line 328, in app
    content = await serialize_response(
                    └ <function serialize_response at 0x762088f84a40>
  File "/home/liujx/miniconda3/envs/py311/lib/python3.11/site-packages/fastapi/routing.py", line 202, in serialize_response
    return jsonable_encoder(response_content)
           │                └ id: "4810fda9be2e450e9ad9501f9882ac96"
           │                  realname: "tangs"
           │                  mobile: "13874429866"
           │                  region: "北京"
           │                  detail: "afsdfsdf"
           │                  
           └ <function jsonable_encoder at 0x762088a41da0>
  File "/home/liujx/miniconda3/envs/py311/lib/python3.11/site-packages/fastapi/encoders.py", line 333, in jsonable_encoder
    return jsonable_encoder(
           └ <function jsonable_encoder at 0x762088a41da0>
  File "/home/liujx/miniconda3/envs/py311/lib/python3.11/site-packages/fastapi/encoders.py", line 333, in jsonable_encoder
    return jsonable_encoder(
           └ <function jsonable_encoder at 0x762088a41da0>
  File "/home/liujx/miniconda3/envs/py311/lib/python3.11/site-packages/fastapi/encoders.py", line 289, in jsonable_encoder
    encoded_value = jsonable_encoder(
                    └ <function jsonable_encoder at 0x762088a41da0>
  File "/home/liujx/miniconda3/envs/py311/lib/python3.11/site-packages/fastapi/encoders.py", line 332, in jsonable_encoder
    raise ValueError(errors) from e
                     └ [TypeError("'google._upb._message.Descriptor' object is not iterable"), TypeError('vars() argument must have __dict__ attribu...

ValueError: [TypeError("'google._upb._message.Descriptor' object is not iterable"), TypeError('vars() argument must have __dict__ attribute')]
2025-08-07 16:30:38.702 | ERROR    | hooks.middlewares:log_middleware:11 - 发送异常了：
Traceback (most recent call last):

  File "/home/liujx/miniconda3/envs/py311/lib/python3.11/site-packages/fastapi/encoders.py", line 324, in jsonable_encoder
    data = dict(obj)
                └ <google._upb._message.Descriptor object at 0x7620858e18a0>

TypeError: 'google._upb._message.Descriptor' object is not iterable


During handling of the above exception, another exception occurred:


Traceback (most recent call last):

  File "/home/liujx/miniconda3/envs/py311/lib/python3.11/site-packages/fastapi/encoders.py", line 329, in jsonable_encoder
    data = vars(obj)
                └ <google._upb._message.Descriptor object at 0x7620858e18a0>

TypeError: vars() argument must have __dict__ attribute


The above exception was the direct cause of the following exception:


Traceback (most recent call last):

  File "<string>", line 1, in <module>
  File "/home/liujx/miniconda3/envs/py311/lib/python3.11/multiprocessing/spawn.py", line 120, in spawn_main
    exitcode = _main(fd, parent_sentinel)
               │     │   └ 4
               │     └ 7
               └ <function _main at 0x76208a3ea520>
  File "/home/liujx/miniconda3/envs/py311/lib/python3.11/multiprocessing/spawn.py", line 133, in _main
    return self._bootstrap(parent_sentinel)
           │    │          └ 4
           │    └ <function BaseProcess._bootstrap at 0x76208a4fc860>
           └ <SpawnProcess name='SpawnProcess-28' parent=783614 started>
  File "/home/liujx/miniconda3/envs/py311/lib/python3.11/multiprocessing/process.py", line 314, in _bootstrap
    self.run()
    │    └ <function BaseProcess.run at 0x76208a4f3d80>
    └ <SpawnProcess name='SpawnProcess-28' parent=783614 started>
  File "/home/liujx/miniconda3/envs/py311/lib/python3.11/multiprocessing/process.py", line 108, in run
    self._target(*self._args, **self._kwargs)
    │    │        │    │        │    └ {'config': <uvicorn.config.Config object at 0x7620899be590>, 'target': <bound method Server.run of <uvicorn.server.Server obj...
    │    │        │    │        └ <SpawnProcess name='SpawnProcess-28' parent=783614 started>
    │    │        │    └ ()
    │    │        └ <SpawnProcess name='SpawnProcess-28' parent=783614 started>
    │    └ <function subprocess_started at 0x76208981b880>
    └ <SpawnProcess name='SpawnProcess-28' parent=783614 started>
  File "/home/liujx/miniconda3/envs/py311/lib/python3.11/site-packages/uvicorn/_subprocess.py", line 80, in subprocess_started
    target(sockets=sockets)
    │              └ [<socket.socket fd=3, family=2, type=1, proto=0, laddr=('0.0.0.0', 8000)>]
    └ <bound method Server.run of <uvicorn.server.Server object at 0x76208989a550>>
  File "/home/liujx/miniconda3/envs/py311/lib/python3.11/site-packages/uvicorn/server.py", line 67, in run
    return asyncio.run(self.serve(sockets=sockets))
           │       │   │    │             └ [<socket.socket fd=3, family=2, type=1, proto=0, laddr=('0.0.0.0', 8000)>]
           │       │   │    └ <function Server.serve at 0x76208981a520>
           │       │   └ <uvicorn.server.Server object at 0x76208989a550>
           │       └ <function run at 0x762089b0bba0>
           └ <module 'asyncio' from '/home/liujx/miniconda3/envs/py311/lib/python3.11/asyncio/__init__.py'>
  File "/home/liujx/miniconda3/envs/py311/lib/python3.11/asyncio/runners.py", line 190, in run
    return runner.run(main)
           │      │   └ <coroutine object Server.serve at 0x762089856980>
           │      └ <function Runner.run at 0x762089b7fd80>
           └ <asyncio.runners.Runner object at 0x762089888490>
  File "/home/liujx/miniconda3/envs/py311/lib/python3.11/asyncio/runners.py", line 118, in run
    return self._loop.run_until_complete(task)
           │    │     │                  └ <Task pending name='Task-1' coro=<Server.serve() running at /home/liujx/miniconda3/envs/py311/lib/python3.11/site-packages/uv...
           │    │     └ <function BaseEventLoop.run_until_complete at 0x762089b7d940>
           │    └ <_UnixSelectorEventLoop running=True closed=False debug=False>
           └ <asyncio.runners.Runner object at 0x762089888490>
  File "/home/liujx/miniconda3/envs/py311/lib/python3.11/asyncio/base_events.py", line 637, in run_until_complete
    self.run_forever()
    │    └ <function BaseEventLoop.run_forever at 0x762089b7d8a0>
    └ <_UnixSelectorEventLoop running=True closed=False debug=False>
  File "/home/liujx/miniconda3/envs/py311/lib/python3.11/asyncio/base_events.py", line 604, in run_forever
    self._run_once()
    │    └ <function BaseEventLoop._run_once at 0x762089b7f6a0>
    └ <_UnixSelectorEventLoop running=True closed=False debug=False>
  File "/home/liujx/miniconda3/envs/py311/lib/python3.11/asyncio/base_events.py", line 1909, in _run_once
    handle._run()
    │      └ <function Handle._run at 0x762089b285e0>
    └ <Handle Task.task_wakeup(<Future finished result=True>)>
  File "/home/liujx/miniconda3/envs/py311/lib/python3.11/asyncio/events.py", line 80, in _run
    self._context.run(self._callback, *self._args)
    │    │            │    │           │    └ <member '_args' of 'Handle' objects>
    │    │            │    │           └ <Handle Task.task_wakeup(<Future finished result=True>)>
    │    │            │    └ <member '_callback' of 'Handle' objects>
    │    │            └ <Handle Task.task_wakeup(<Future finished result=True>)>
    │    └ <member '_context' of 'Handle' objects>
    └ <Handle Task.task_wakeup(<Future finished result=True>)>
  File "/home/liujx/miniconda3/envs/py311/lib/python3.11/site-packages/uvicorn/protocols/http/h11_impl.py", line 403, in run_asgi
    result = await app(  # type: ignore[func-returns-value]
                   └ <uvicorn.middleware.proxy_headers.ProxyHeadersMiddleware object at 0x762089888590>
  File "/home/liujx/miniconda3/envs/py311/lib/python3.11/site-packages/uvicorn/middleware/proxy_headers.py", line 60, in __call__
    return await self.app(scope, receive, send)
                 │    │   │      │        └ <bound method RequestResponseCycle.send of <uvicorn.protocols.http.h11_impl.RequestResponseCycle object at 0x7620846f89d0>>
                 │    │   │      └ <bound method RequestResponseCycle.receive of <uvicorn.protocols.http.h11_impl.RequestResponseCycle object at 0x7620846f89d0>>
                 │    │   └ {'type': 'http', 'asgi': {'version': '3.0', 'spec_version': '2.3'}, 'http_version': '1.1', 'server': ('11.11.11.45', 8000), '...
                 │    └ <fastapi.applications.FastAPI object at 0x76208896ae90>
                 └ <uvicorn.middleware.proxy_headers.ProxyHeadersMiddleware object at 0x762089888590>
  File "/home/liujx/miniconda3/envs/py311/lib/python3.11/site-packages/fastapi/applications.py", line 1054, in __call__
    await super().__call__(scope, receive, send)
                           │      │        └ <bound method RequestResponseCycle.send of <uvicorn.protocols.http.h11_impl.RequestResponseCycle object at 0x7620846f89d0>>
                           │      └ <bound method RequestResponseCycle.receive of <uvicorn.protocols.http.h11_impl.RequestResponseCycle object at 0x7620846f89d0>>
                           └ {'type': 'http', 'asgi': {'version': '3.0', 'spec_version': '2.3'}, 'http_version': '1.1', 'server': ('11.11.11.45', 8000), '...
  File "/home/liujx/miniconda3/envs/py311/lib/python3.11/site-packages/starlette/applications.py", line 113, in __call__
    await self.middleware_stack(scope, receive, send)
          │    │                │      │        └ <bound method RequestResponseCycle.send of <uvicorn.protocols.http.h11_impl.RequestResponseCycle object at 0x7620846f89d0>>
          │    │                │      └ <bound method RequestResponseCycle.receive of <uvicorn.protocols.http.h11_impl.RequestResponseCycle object at 0x7620846f89d0>>
          │    │                └ {'type': 'http', 'asgi': {'version': '3.0', 'spec_version': '2.3'}, 'http_version': '1.1', 'server': ('11.11.11.45', 8000), '...
          │    └ <starlette.middleware.errors.ServerErrorMiddleware object at 0x7620858d6450>
          └ <fastapi.applications.FastAPI object at 0x76208896ae90>
  File "/home/liujx/miniconda3/envs/py311/lib/python3.11/site-packages/starlette/middleware/errors.py", line 164, in __call__
    await self.app(scope, receive, _send)
          │    │   │      │        └ <function ServerErrorMiddleware.__call__.<locals>._send at 0x76208615e020>
          │    │   │      └ <bound method RequestResponseCycle.receive of <uvicorn.protocols.http.h11_impl.RequestResponseCycle object at 0x7620846f89d0>>
          │    │   └ {'type': 'http', 'asgi': {'version': '3.0', 'spec_version': '2.3'}, 'http_version': '1.1', 'server': ('11.11.11.45', 8000), '...
          │    └ <starlette.middleware.base.BaseHTTPMiddleware object at 0x7620858d61d0>
          └ <starlette.middleware.errors.ServerErrorMiddleware object at 0x7620858d6450>
  File "/home/liujx/miniconda3/envs/py311/lib/python3.11/site-packages/starlette/middleware/base.py", line 184, in __call__
    response = await self.dispatch_func(request, call_next)
                     │    │             │        └ <function BaseHTTPMiddleware.__call__.<locals>.call_next at 0x762084f967a0>
                     │    │             └ <starlette.middleware.base._CachedRequest object at 0x7620846f8650>
                     │    └ <function log_middleware at 0x762089629620>
                     └ <starlette.middleware.base.BaseHTTPMiddleware object at 0x7620858d61d0>

> File "/home/liujx/PROJ/taolele/user_api/hooks/middlewares.py", line 7, in log_middleware
    response = await call_next(request)
                     │         └ <starlette.middleware.base._CachedRequest object at 0x7620846f8650>
                     └ <function BaseHTTPMiddleware.__call__.<locals>.call_next at 0x762084f967a0>

  File "/home/liujx/miniconda3/envs/py311/lib/python3.11/site-packages/starlette/middleware/base.py", line 159, in call_next
    raise app_exc
          └ ValueError([TypeError("'google._upb._message.Descriptor' object is not iterable"), TypeError('vars() argument must have __dic...
  File "/home/liujx/miniconda3/envs/py311/lib/python3.11/site-packages/starlette/middleware/base.py", line 144, in coro
    await self.app(scope, receive_or_disconnect, send_no_error)
          │    │   │      │                      └ <function BaseHTTPMiddleware.__call__.<locals>.call_next.<locals>.send_no_error at 0x762084f96520>
          │    │   │      └ <function BaseHTTPMiddleware.__call__.<locals>.call_next.<locals>.receive_or_disconnect at 0x762084f96200>
          │    │   └ {'type': 'http', 'asgi': {'version': '3.0', 'spec_version': '2.3'}, 'http_version': '1.1', 'server': ('11.11.11.45', 8000), '...
          │    └ <starlette.middleware.exceptions.ExceptionMiddleware object at 0x7620858d56d0>
          └ <starlette.middleware.base.BaseHTTPMiddleware object at 0x7620858d61d0>
  File "/home/liujx/miniconda3/envs/py311/lib/python3.11/site-packages/starlette/middleware/exceptions.py", line 63, in __call__
    await wrap_app_handling_exceptions(self.app, conn)(scope, receive, send)
          │                            │    │    │     │      │        └ <function BaseHTTPMiddleware.__call__.<locals>.call_next.<locals>.send_no_error at 0x762084f96520>
          │                            │    │    │     │      └ <function BaseHTTPMiddleware.__call__.<locals>.call_next.<locals>.receive_or_disconnect at 0x762084f96200>
          │                            │    │    │     └ {'type': 'http', 'asgi': {'version': '3.0', 'spec_version': '2.3'}, 'http_version': '1.1', 'server': ('11.11.11.45', 8000), '...
          │                            │    │    └ <starlette.requests.Request object at 0x7620846fb210>
          │                            │    └ <fastapi.routing.APIRouter object at 0x7620858cf610>
          │                            └ <starlette.middleware.exceptions.ExceptionMiddleware object at 0x7620858d56d0>
          └ <function wrap_app_handling_exceptions at 0x762088a42660>
  File "/home/liujx/miniconda3/envs/py311/lib/python3.11/site-packages/starlette/_exception_handler.py", line 53, in wrapped_app
    raise exc
  File "/home/liujx/miniconda3/envs/py311/lib/python3.11/site-packages/starlette/_exception_handler.py", line 42, in wrapped_app
    await app(scope, receive, sender)
          │   │      │        └ <function wrap_app_handling_exceptions.<locals>.wrapped_app.<locals>.sender at 0x762084f96840>
          │   │      └ <function BaseHTTPMiddleware.__call__.<locals>.call_next.<locals>.receive_or_disconnect at 0x762084f96200>
          │   └ {'type': 'http', 'asgi': {'version': '3.0', 'spec_version': '2.3'}, 'http_version': '1.1', 'server': ('11.11.11.45', 8000), '...
          └ <fastapi.routing.APIRouter object at 0x7620858cf610>
  File "/home/liujx/miniconda3/envs/py311/lib/python3.11/site-packages/starlette/routing.py", line 716, in __call__
    await self.middleware_stack(scope, receive, send)
          │    │                │      │        └ <function wrap_app_handling_exceptions.<locals>.wrapped_app.<locals>.sender at 0x762084f96840>
          │    │                │      └ <function BaseHTTPMiddleware.__call__.<locals>.call_next.<locals>.receive_or_disconnect at 0x762084f96200>
          │    │                └ {'type': 'http', 'asgi': {'version': '3.0', 'spec_version': '2.3'}, 'http_version': '1.1', 'server': ('11.11.11.45', 8000), '...
          │    └ <bound method Router.app of <fastapi.routing.APIRouter object at 0x7620858cf610>>
          └ <fastapi.routing.APIRouter object at 0x7620858cf610>
  File "/home/liujx/miniconda3/envs/py311/lib/python3.11/site-packages/starlette/routing.py", line 736, in app
    await route.handle(scope, receive, send)
          │     │      │      │        └ <function wrap_app_handling_exceptions.<locals>.wrapped_app.<locals>.sender at 0x762084f96840>
          │     │      │      └ <function BaseHTTPMiddleware.__call__.<locals>.call_next.<locals>.receive_or_disconnect at 0x762084f96200>
          │     │      └ {'type': 'http', 'asgi': {'version': '3.0', 'spec_version': '2.3'}, 'http_version': '1.1', 'server': ('11.11.11.45', 8000), '...
          │     └ <function Route.handle at 0x762088a43c40>
          └ APIRoute(path='/address/create', name='create_address', methods=['POST'])
  File "/home/liujx/miniconda3/envs/py311/lib/python3.11/site-packages/starlette/routing.py", line 290, in handle
    await self.app(scope, receive, send)
          │    │   │      │        └ <function wrap_app_handling_exceptions.<locals>.wrapped_app.<locals>.sender at 0x762084f96840>
          │    │   │      └ <function BaseHTTPMiddleware.__call__.<locals>.call_next.<locals>.receive_or_disconnect at 0x762084f96200>
          │    │   └ {'type': 'http', 'asgi': {'version': '3.0', 'spec_version': '2.3'}, 'http_version': '1.1', 'server': ('11.11.11.45', 8000), '...
          │    └ <function request_response.<locals>.app at 0x762085901ee0>
          └ APIRoute(path='/address/create', name='create_address', methods=['POST'])
  File "/home/liujx/miniconda3/envs/py311/lib/python3.11/site-packages/starlette/routing.py", line 78, in app
    await wrap_app_handling_exceptions(app, request)(scope, receive, send)
          │                            │    │        │      │        └ <function wrap_app_handling_exceptions.<locals>.wrapped_app.<locals>.sender at 0x762084f96840>
          │                            │    │        │      └ <function BaseHTTPMiddleware.__call__.<locals>.call_next.<locals>.receive_or_disconnect at 0x762084f96200>
          │                            │    │        └ {'type': 'http', 'asgi': {'version': '3.0', 'spec_version': '2.3'}, 'http_version': '1.1', 'server': ('11.11.11.45', 8000), '...
          │                            │    └ <starlette.requests.Request object at 0x7620846fb390>
          │                            └ <function request_response.<locals>.app.<locals>.app at 0x762084f968e0>
          └ <function wrap_app_handling_exceptions at 0x762088a42660>
  File "/home/liujx/miniconda3/envs/py311/lib/python3.11/site-packages/starlette/_exception_handler.py", line 53, in wrapped_app
    raise exc
  File "/home/liujx/miniconda3/envs/py311/lib/python3.11/site-packages/starlette/_exception_handler.py", line 42, in wrapped_app
    await app(scope, receive, sender)
          │   │      │        └ <function wrap_app_handling_exceptions.<locals>.wrapped_app.<locals>.sender at 0x762084f96a20>
          │   │      └ <function BaseHTTPMiddleware.__call__.<locals>.call_next.<locals>.receive_or_disconnect at 0x762084f96200>
          │   └ {'type': 'http', 'asgi': {'version': '3.0', 'spec_version': '2.3'}, 'http_version': '1.1', 'server': ('11.11.11.45', 8000), '...
          └ <function request_response.<locals>.app.<locals>.app at 0x762084f968e0>
  File "/home/liujx/miniconda3/envs/py311/lib/python3.11/site-packages/starlette/routing.py", line 75, in app
    response = await f(request)
                     │ └ <starlette.requests.Request object at 0x7620846fb390>
                     └ <function get_request_handler.<locals>.app at 0x762085901f80>
  File "/home/liujx/miniconda3/envs/py311/lib/python3.11/site-packages/fastapi/routing.py", line 328, in app
    content = await serialize_response(
                    └ <function serialize_response at 0x762088f84a40>
  File "/home/liujx/miniconda3/envs/py311/lib/python3.11/site-packages/fastapi/routing.py", line 202, in serialize_response
    return jsonable_encoder(response_content)
           │                └ id: "387945a7480a4ed7b32622537824c5d5"
           │                  realname: "tangs"
           │                  mobile: "13874429866"
           │                  region: "北京"
           │                  detail: "afsdfsdf"
           │                  
           └ <function jsonable_encoder at 0x762088a41da0>
  File "/home/liujx/miniconda3/envs/py311/lib/python3.11/site-packages/fastapi/encoders.py", line 333, in jsonable_encoder
    return jsonable_encoder(
           └ <function jsonable_encoder at 0x762088a41da0>
  File "/home/liujx/miniconda3/envs/py311/lib/python3.11/site-packages/fastapi/encoders.py", line 333, in jsonable_encoder
    return jsonable_encoder(
           └ <function jsonable_encoder at 0x762088a41da0>
  File "/home/liujx/miniconda3/envs/py311/lib/python3.11/site-packages/fastapi/encoders.py", line 289, in jsonable_encoder
    encoded_value = jsonable_encoder(
                    └ <function jsonable_encoder at 0x762088a41da0>
  File "/home/liujx/miniconda3/envs/py311/lib/python3.11/site-packages/fastapi/encoders.py", line 332, in jsonable_encoder
    raise ValueError(errors) from e
                     └ [TypeError("'google._upb._message.Descriptor' object is not iterable"), TypeError('vars() argument must have __dict__ attribu...

ValueError: [TypeError("'google._upb._message.Descriptor' object is not iterable"), TypeError('vars() argument must have __dict__ attribute')]
2025-08-09 23:53:48.101 | INFO     | main:root:15 - rizhi
2025-08-09 23:53:52.954 | INFO     | main:root:15 - rizhi
2025-08-10 14:35:44.425 | ERROR    | utils.tll_consul:get_zerotier_ip:26 - 获取 ZeroTier IP 失败，使用默认逻辑: [Errno 19] No such device
2025-08-10 14:36:12.252 | ERROR    | utils.tll_consul:get_zerotier_ip:26 - 获取 ZeroTier IP 失败，使用默认逻辑: [Errno 19] No such device
2025-08-10 14:36:19.892 | ERROR    | utils.tll_consul:get_zerotier_ip:26 - 获取 ZeroTier IP 失败，使用默认逻辑: [Errno 19] No such device
2025-08-10 14:37:09.638 | INFO     | utils.tll_consul:unregister_service:77 - 服务注销成功
2025-08-10 14:37:11.105 | INFO     | utils.tll_consul:unregister_service:77 - 服务注销成功
2025-08-10 14:37:47.983 | INFO     | utils.tll_consul:unregister_service:77 - 服务注销成功
2025-08-10 14:37:48.459 | INFO     | utils.tll_consul:register_service:62 - 注册服务，IP: 11.11.11.45, Port: 8000
2025-08-10 14:37:56.968 | INFO     | utils.tll_consul:unregister_service:79 - 服务注销成功
2025-08-10 14:37:57.466 | INFO     | utils.tll_consul:register_service:62 - 注册服务，IP: 11.11.11.45, Port: 8000
2025-08-10 14:37:57.581 | INFO     | utils.tll_consul:register_service:74 - 服务注册到Consul成功
2025-08-10 14:42:23.036 | INFO     | utils.tll_consul:register_service:62 - 注册服务，IP: 11.11.11.45, Port: 8000
2025-08-10 14:42:23.184 | INFO     | utils.tll_consul:register_service:74 - 服务注册到Consul成功
2025-08-10 14:43:13.490 | INFO     | utils.tll_consul:unregister_service:80 - 服务注销成功
2025-08-10 14:43:13.986 | INFO     | utils.tll_consul:register_service:62 - 注册服务，IP: 11.11.11.45, Port: 8000
2025-08-10 14:43:14.093 | INFO     | utils.tll_consul:register_service:74 - 服务注册到Consul成功
2025-08-10 14:43:29.915 | INFO     | utils.tll_consul:unregister_service:80 - 服务注销成功
2025-08-10 14:43:30.458 | INFO     | utils.tll_consul:register_service:62 - 注册服务，IP: 11.11.11.45, Port: 8000
2025-08-10 14:43:30.580 | INFO     | utils.tll_consul:register_service:74 - 服务注册到Consul成功
2025-08-10 14:43:44.863 | INFO     | utils.tll_consul:unregister_service:80 - 服务注销成功
2025-08-10 16:23:13.991 | INFO     | utils.tll_consul:register_service:100 - 注册服务，IP: 11.11.11.45, Port: 8000
2025-08-10 16:23:14.112 | INFO     | utils.tll_consul:register_service:112 - 服务注册到Consul成功
2025-08-10 16:25:44.150 | INFO     | utils.tll_consul:register_service:100 - 注册服务，IP: 11.11.11.45, Port: 8000
2025-08-10 16:25:44.268 | INFO     | utils.tll_consul:register_service:112 - 服务注册到Consul成功
2025-08-10 16:27:11.487 | INFO     | utils.tll_consul:register_service:100 - 注册服务，IP: 11.11.11.45, Port: 8000
2025-08-10 16:27:11.597 | INFO     | utils.tll_consul:register_service:112 - 服务注册到Consul成功
2025-08-10 16:27:13.884 | INFO     | utils.tll_consul:unregister_service:118 - 服务注销成功
2025-08-10 16:27:14.406 | INFO     | utils.tll_consul:register_service:100 - 注册服务，IP: 11.11.11.45, Port: 8000
2025-08-10 16:27:14.520 | INFO     | utils.tll_consul:register_service:112 - 服务注册到Consul成功
2025-08-10 16:27:16.385 | INFO     | utils.tll_consul:unregister_service:118 - 服务注销成功
2025-08-10 16:27:16.898 | INFO     | utils.tll_consul:register_service:100 - 注册服务，IP: 11.11.11.45, Port: 8000
2025-08-10 16:27:17.014 | INFO     | utils.tll_consul:register_service:112 - 服务注册到Consul成功
2025-08-10 16:27:18.874 | INFO     | utils.tll_consul:register_service:100 - 注册服务，IP: 11.11.11.45, Port: 8000
2025-08-10 16:27:18.983 | INFO     | utils.tll_consul:register_service:112 - 服务注册到Consul成功
2025-08-10 16:27:22.918 | INFO     | utils.tll_consul:unregister_service:118 - 服务注销成功
2025-08-10 16:27:23.432 | INFO     | utils.tll_consul:register_service:100 - 注册服务，IP: 11.11.11.45, Port: 8000
2025-08-10 16:27:23.585 | INFO     | utils.tll_consul:register_service:112 - 服务注册到Consul成功
2025-08-10 16:30:54.346 | ERROR    | hooks.middlewares:log_middleware:11 - 发送异常了：
Traceback (most recent call last):

  File "/home/liujx/miniconda3/envs/py311/lib/python3.11/site-packages/anyio/streams/memory.py", line 111, in receive
    return self.receive_nowait()
           │    └ <function MemoryObjectReceiveStream.receive_nowait at 0x7e1915685b20>
           └ MemoryObjectReceiveStream(_state=MemoryObjectStreamState(max_buffer_size=0, buffer=deque([]), open_send_channels=0, open_rece...
  File "/home/liujx/miniconda3/envs/py311/lib/python3.11/site-packages/anyio/streams/memory.py", line 106, in receive_nowait
    raise WouldBlock
          └ <class 'anyio.WouldBlock'>

anyio.WouldBlock


During handling of the above exception, another exception occurred:


Traceback (most recent call last):

  File "/home/liujx/miniconda3/envs/py311/lib/python3.11/site-packages/anyio/streams/memory.py", line 124, in receive
    return receiver.item
           └ MemoryObjectItemReceiver(task_info=AsyncIOTaskInfo(id=138646143425344, name='Task-144'), item=None)

AttributeError: 'MemoryObjectItemReceiver' object has no attribute 'item'


During handling of the above exception, another exception occurred:


Traceback (most recent call last):

  File "/home/liujx/miniconda3/envs/py311/lib/python3.11/site-packages/starlette/middleware/base.py", line 151, in call_next
    message = await recv_stream.receive()
                    │           └ <function MemoryObjectReceiveStream.receive at 0x7e1915685bc0>
                    └ MemoryObjectReceiveStream(_state=MemoryObjectStreamState(max_buffer_size=0, buffer=deque([]), open_send_channels=0, open_rece...
  File "/home/liujx/miniconda3/envs/py311/lib/python3.11/site-packages/anyio/streams/memory.py", line 126, in receive
    raise EndOfStream
          └ <class 'anyio.EndOfStream'>

anyio.EndOfStream


During handling of the above exception, another exception occurred:


Traceback (most recent call last):

  File "<string>", line 1, in <module>
  File "/home/liujx/miniconda3/envs/py311/lib/python3.11/multiprocessing/spawn.py", line 120, in spawn_main
    exitcode = _main(fd, parent_sentinel)
               │     │   └ 4
               │     └ 7
               └ <function _main at 0x7e1916fae520>
  File "/home/liujx/miniconda3/envs/py311/lib/python3.11/multiprocessing/spawn.py", line 133, in _main
    return self._bootstrap(parent_sentinel)
           │    │          └ 4
           │    └ <function BaseProcess._bootstrap at 0x7e1916ec0860>
           └ <SpawnProcess name='SpawnProcess-7' parent=1972912 started>
  File "/home/liujx/miniconda3/envs/py311/lib/python3.11/multiprocessing/process.py", line 314, in _bootstrap
    self.run()
    │    └ <function BaseProcess.run at 0x7e19170b3d80>
    └ <SpawnProcess name='SpawnProcess-7' parent=1972912 started>
  File "/home/liujx/miniconda3/envs/py311/lib/python3.11/multiprocessing/process.py", line 108, in run
    self._target(*self._args, **self._kwargs)
    │    │        │    │        │    └ {'config': <uvicorn.config.Config object at 0x7e19163d37d0>, 'target': <bound method Server.run of <uvicorn.server.Server obj...
    │    │        │    │        └ <SpawnProcess name='SpawnProcess-7' parent=1972912 started>
    │    │        │    └ ()
    │    │        └ <SpawnProcess name='SpawnProcess-7' parent=1972912 started>
    │    └ <function subprocess_started at 0x7e19163b7880>
    └ <SpawnProcess name='SpawnProcess-7' parent=1972912 started>
  File "/home/liujx/miniconda3/envs/py311/lib/python3.11/site-packages/uvicorn/_subprocess.py", line 80, in subprocess_started
    target(sockets=sockets)
    │              └ [<socket.socket fd=3, family=2, type=1, proto=0, laddr=('0.0.0.0', 8000)>]
    └ <bound method Server.run of <uvicorn.server.Server object at 0x7e1916436410>>
  File "/home/liujx/miniconda3/envs/py311/lib/python3.11/site-packages/uvicorn/server.py", line 67, in run
    return asyncio.run(self.serve(sockets=sockets))
           │       │   │    │             └ [<socket.socket fd=3, family=2, type=1, proto=0, laddr=('0.0.0.0', 8000)>]
           │       │   │    └ <function Server.serve at 0x7e19163b6520>
           │       │   └ <uvicorn.server.Server object at 0x7e1916436410>
           │       └ <function run at 0x7e1916713ba0>
           └ <module 'asyncio' from '/home/liujx/miniconda3/envs/py311/lib/python3.11/asyncio/__init__.py'>
  File "/home/liujx/miniconda3/envs/py311/lib/python3.11/asyncio/runners.py", line 190, in run
    return runner.run(main)
           │      │   └ <coroutine object Server.serve at 0x7e19163f2980>
           │      └ <function Runner.run at 0x7e1916787d80>
           └ <asyncio.runners.Runner object at 0x7e1916435a50>
  File "/home/liujx/miniconda3/envs/py311/lib/python3.11/asyncio/runners.py", line 118, in run
    return self._loop.run_until_complete(task)
           │    │     │                  └ <Task pending name='Task-1' coro=<Server.serve() running at /home/liujx/miniconda3/envs/py311/lib/python3.11/site-packages/uv...
           │    │     └ <function BaseEventLoop.run_until_complete at 0x7e1916785940>
           │    └ <_UnixSelectorEventLoop running=True closed=False debug=False>
           └ <asyncio.runners.Runner object at 0x7e1916435a50>
  File "/home/liujx/miniconda3/envs/py311/lib/python3.11/asyncio/base_events.py", line 637, in run_until_complete
    self.run_forever()
    │    └ <function BaseEventLoop.run_forever at 0x7e19167858a0>
    └ <_UnixSelectorEventLoop running=True closed=False debug=False>
  File "/home/liujx/miniconda3/envs/py311/lib/python3.11/asyncio/base_events.py", line 604, in run_forever
    self._run_once()
    │    └ <function BaseEventLoop._run_once at 0x7e19167876a0>
    └ <_UnixSelectorEventLoop running=True closed=False debug=False>
  File "/home/liujx/miniconda3/envs/py311/lib/python3.11/asyncio/base_events.py", line 1909, in _run_once
    handle._run()
    │      └ <function Handle._run at 0x7e191672c5e0>
    └ <Handle Task.task_wakeup(<Future finished result=True>)>
  File "/home/liujx/miniconda3/envs/py311/lib/python3.11/asyncio/events.py", line 80, in _run
    self._context.run(self._callback, *self._args)
    │    │            │    │           │    └ <member '_args' of 'Handle' objects>
    │    │            │    │           └ <Handle Task.task_wakeup(<Future finished result=True>)>
    │    │            │    └ <member '_callback' of 'Handle' objects>
    │    │            └ <Handle Task.task_wakeup(<Future finished result=True>)>
    │    └ <member '_context' of 'Handle' objects>
    └ <Handle Task.task_wakeup(<Future finished result=True>)>
  File "/home/liujx/miniconda3/envs/py311/lib/python3.11/site-packages/uvicorn/protocols/http/h11_impl.py", line 403, in run_asgi
    result = await app(  # type: ignore[func-returns-value]
                   └ <uvicorn.middleware.proxy_headers.ProxyHeadersMiddleware object at 0x7e1916437890>
  File "/home/liujx/miniconda3/envs/py311/lib/python3.11/site-packages/uvicorn/middleware/proxy_headers.py", line 60, in __call__
    return await self.app(scope, receive, send)
                 │    │   │      │        └ <bound method RequestResponseCycle.send of <uvicorn.protocols.http.h11_impl.RequestResponseCycle object at 0x7e191225bdd0>>
                 │    │   │      └ <bound method RequestResponseCycle.receive of <uvicorn.protocols.http.h11_impl.RequestResponseCycle object at 0x7e191225bdd0>>
                 │    │   └ {'type': 'http', 'asgi': {'version': '3.0', 'spec_version': '2.3'}, 'http_version': '1.1', 'server': ('11.11.11.45', 8000), '...
                 │    └ <fastapi.applications.FastAPI object at 0x7e19121a9250>
                 └ <uvicorn.middleware.proxy_headers.ProxyHeadersMiddleware object at 0x7e1916437890>
  File "/home/liujx/miniconda3/envs/py311/lib/python3.11/site-packages/fastapi/applications.py", line 1054, in __call__
    await super().__call__(scope, receive, send)
                           │      │        └ <bound method RequestResponseCycle.send of <uvicorn.protocols.http.h11_impl.RequestResponseCycle object at 0x7e191225bdd0>>
                           │      └ <bound method RequestResponseCycle.receive of <uvicorn.protocols.http.h11_impl.RequestResponseCycle object at 0x7e191225bdd0>>
                           └ {'type': 'http', 'asgi': {'version': '3.0', 'spec_version': '2.3'}, 'http_version': '1.1', 'server': ('11.11.11.45', 8000), '...
  File "/home/liujx/miniconda3/envs/py311/lib/python3.11/site-packages/starlette/applications.py", line 113, in __call__
    await self.middleware_stack(scope, receive, send)
          │    │                │      │        └ <bound method RequestResponseCycle.send of <uvicorn.protocols.http.h11_impl.RequestResponseCycle object at 0x7e191225bdd0>>
          │    │                │      └ <bound method RequestResponseCycle.receive of <uvicorn.protocols.http.h11_impl.RequestResponseCycle object at 0x7e191225bdd0>>
          │    │                └ {'type': 'http', 'asgi': {'version': '3.0', 'spec_version': '2.3'}, 'http_version': '1.1', 'server': ('11.11.11.45', 8000), '...
          │    └ <starlette.middleware.errors.ServerErrorMiddleware object at 0x7e19121e3090>
          └ <fastapi.applications.FastAPI object at 0x7e19121a9250>
  File "/home/liujx/miniconda3/envs/py311/lib/python3.11/site-packages/starlette/middleware/errors.py", line 164, in __call__
    await self.app(scope, receive, _send)
          │    │   │      │        └ <function ServerErrorMiddleware.__call__.<locals>._send at 0x7e19118a5e40>
          │    │   │      └ <bound method RequestResponseCycle.receive of <uvicorn.protocols.http.h11_impl.RequestResponseCycle object at 0x7e191225bdd0>>
          │    │   └ {'type': 'http', 'asgi': {'version': '3.0', 'spec_version': '2.3'}, 'http_version': '1.1', 'server': ('11.11.11.45', 8000), '...
          │    └ <starlette.middleware.base.BaseHTTPMiddleware object at 0x7e19121da590>
          └ <starlette.middleware.errors.ServerErrorMiddleware object at 0x7e19121e3090>
  File "/home/liujx/miniconda3/envs/py311/lib/python3.11/site-packages/starlette/middleware/base.py", line 184, in __call__
    response = await self.dispatch_func(request, call_next)
                     │    │             │        └ <function BaseHTTPMiddleware.__call__.<locals>.call_next at 0x7e19118a5940>
                     │    │             └ <starlette.middleware.base._CachedRequest object at 0x7e19122589d0>
                     │    └ <function log_middleware at 0x7e1914b84180>
                     └ <starlette.middleware.base.BaseHTTPMiddleware object at 0x7e19121da590>

> File "/home/liujx/PROJ/taolele/user_api/hooks/middlewares.py", line 7, in log_middleware
    response = await call_next(request)
                     │         └ <starlette.middleware.base._CachedRequest object at 0x7e19122589d0>
                     └ <function BaseHTTPMiddleware.__call__.<locals>.call_next at 0x7e19118a5940>

  File "/home/liujx/miniconda3/envs/py311/lib/python3.11/site-packages/starlette/middleware/base.py", line 159, in call_next
    raise app_exc
          └ Exception('No service addresses available')
  File "/home/liujx/miniconda3/envs/py311/lib/python3.11/site-packages/starlette/middleware/base.py", line 144, in coro
    await self.app(scope, receive_or_disconnect, send_no_error)
          │    │   │      │                      └ <function BaseHTTPMiddleware.__call__.<locals>.call_next.<locals>.send_no_error at 0x7e19118a65c0>
          │    │   │      └ <function BaseHTTPMiddleware.__call__.<locals>.call_next.<locals>.receive_or_disconnect at 0x7e19118a7f60>
          │    │   └ {'type': 'http', 'asgi': {'version': '3.0', 'spec_version': '2.3'}, 'http_version': '1.1', 'server': ('11.11.11.45', 8000), '...
          │    └ <starlette.middleware.exceptions.ExceptionMiddleware object at 0x7e1912ccb090>
          └ <starlette.middleware.base.BaseHTTPMiddleware object at 0x7e19121da590>
  File "/home/liujx/miniconda3/envs/py311/lib/python3.11/site-packages/starlette/middleware/exceptions.py", line 63, in __call__
    await wrap_app_handling_exceptions(self.app, conn)(scope, receive, send)
          │                            │    │    │     │      │        └ <function BaseHTTPMiddleware.__call__.<locals>.call_next.<locals>.send_no_error at 0x7e19118a65c0>
          │                            │    │    │     │      └ <function BaseHTTPMiddleware.__call__.<locals>.call_next.<locals>.receive_or_disconnect at 0x7e19118a7f60>
          │                            │    │    │     └ {'type': 'http', 'asgi': {'version': '3.0', 'spec_version': '2.3'}, 'http_version': '1.1', 'server': ('11.11.11.45', 8000), '...
          │                            │    │    └ <starlette.requests.Request object at 0x7e191225a610>
          │                            │    └ <fastapi.routing.APIRouter object at 0x7e1914b8cad0>
          │                            └ <starlette.middleware.exceptions.ExceptionMiddleware object at 0x7e1912ccb090>
          └ <function wrap_app_handling_exceptions at 0x7e19155a2660>
  File "/home/liujx/miniconda3/envs/py311/lib/python3.11/site-packages/starlette/_exception_handler.py", line 53, in wrapped_app
    raise exc
  File "/home/liujx/miniconda3/envs/py311/lib/python3.11/site-packages/starlette/_exception_handler.py", line 42, in wrapped_app
    await app(scope, receive, sender)
          │   │      │        └ <function wrap_app_handling_exceptions.<locals>.wrapped_app.<locals>.sender at 0x7e19118a6e80>
          │   │      └ <function BaseHTTPMiddleware.__call__.<locals>.call_next.<locals>.receive_or_disconnect at 0x7e19118a7f60>
          │   └ {'type': 'http', 'asgi': {'version': '3.0', 'spec_version': '2.3'}, 'http_version': '1.1', 'server': ('11.11.11.45', 8000), '...
          └ <fastapi.routing.APIRouter object at 0x7e1914b8cad0>
  File "/home/liujx/miniconda3/envs/py311/lib/python3.11/site-packages/starlette/routing.py", line 716, in __call__
    await self.middleware_stack(scope, receive, send)
          │    │                │      │        └ <function wrap_app_handling_exceptions.<locals>.wrapped_app.<locals>.sender at 0x7e19118a6e80>
          │    │                │      └ <function BaseHTTPMiddleware.__call__.<locals>.call_next.<locals>.receive_or_disconnect at 0x7e19118a7f60>
          │    │                └ {'type': 'http', 'asgi': {'version': '3.0', 'spec_version': '2.3'}, 'http_version': '1.1', 'server': ('11.11.11.45', 8000), '...
          │    └ <bound method Router.app of <fastapi.routing.APIRouter object at 0x7e1914b8cad0>>
          └ <fastapi.routing.APIRouter object at 0x7e1914b8cad0>
  File "/home/liujx/miniconda3/envs/py311/lib/python3.11/site-packages/starlette/routing.py", line 736, in app
    await route.handle(scope, receive, send)
          │     │      │      │        └ <function wrap_app_handling_exceptions.<locals>.wrapped_app.<locals>.sender at 0x7e19118a6e80>
          │     │      │      └ <function BaseHTTPMiddleware.__call__.<locals>.call_next.<locals>.receive_or_disconnect at 0x7e19118a7f60>
          │     │      └ {'type': 'http', 'asgi': {'version': '3.0', 'spec_version': '2.3'}, 'http_version': '1.1', 'server': ('11.11.11.45', 8000), '...
          │     └ <function Route.handle at 0x7e19155a3c40>
          └ APIRoute(path='/user/login', name='login', methods=['POST'])
  File "/home/liujx/miniconda3/envs/py311/lib/python3.11/site-packages/starlette/routing.py", line 290, in handle
    await self.app(scope, receive, send)
          │    │   │      │        └ <function wrap_app_handling_exceptions.<locals>.wrapped_app.<locals>.sender at 0x7e19118a6e80>
          │    │   │      └ <function BaseHTTPMiddleware.__call__.<locals>.call_next.<locals>.receive_or_disconnect at 0x7e19118a7f60>
          │    │   └ {'type': 'http', 'asgi': {'version': '3.0', 'spec_version': '2.3'}, 'http_version': '1.1', 'server': ('11.11.11.45', 8000), '...
          │    └ <function request_response.<locals>.app at 0x7e19123779c0>
          └ APIRoute(path='/user/login', name='login', methods=['POST'])
  File "/home/liujx/miniconda3/envs/py311/lib/python3.11/site-packages/starlette/routing.py", line 78, in app
    await wrap_app_handling_exceptions(app, request)(scope, receive, send)
          │                            │    │        │      │        └ <function wrap_app_handling_exceptions.<locals>.wrapped_app.<locals>.sender at 0x7e19118a6e80>
          │                            │    │        │      └ <function BaseHTTPMiddleware.__call__.<locals>.call_next.<locals>.receive_or_disconnect at 0x7e19118a7f60>
          │                            │    │        └ {'type': 'http', 'asgi': {'version': '3.0', 'spec_version': '2.3'}, 'http_version': '1.1', 'server': ('11.11.11.45', 8000), '...
          │                            │    └ <starlette.requests.Request object at 0x7e1912259b10>
          │                            └ <function request_response.<locals>.app.<locals>.app at 0x7e19118a7b00>
          └ <function wrap_app_handling_exceptions at 0x7e19155a2660>
  File "/home/liujx/miniconda3/envs/py311/lib/python3.11/site-packages/starlette/_exception_handler.py", line 53, in wrapped_app
    raise exc
  File "/home/liujx/miniconda3/envs/py311/lib/python3.11/site-packages/starlette/_exception_handler.py", line 42, in wrapped_app
    await app(scope, receive, sender)
          │   │      │        └ <function wrap_app_handling_exceptions.<locals>.wrapped_app.<locals>.sender at 0x7e19118a67a0>
          │   │      └ <function BaseHTTPMiddleware.__call__.<locals>.call_next.<locals>.receive_or_disconnect at 0x7e19118a7f60>
          │   └ {'type': 'http', 'asgi': {'version': '3.0', 'spec_version': '2.3'}, 'http_version': '1.1', 'server': ('11.11.11.45', 8000), '...
          └ <function request_response.<locals>.app.<locals>.app at 0x7e19118a7b00>
  File "/home/liujx/miniconda3/envs/py311/lib/python3.11/site-packages/starlette/routing.py", line 75, in app
    response = await f(request)
                     │ └ <starlette.requests.Request object at 0x7e1912259b10>
                     └ <function get_request_handler.<locals>.app at 0x7e1912377920>
  File "/home/liujx/miniconda3/envs/py311/lib/python3.11/site-packages/fastapi/routing.py", line 302, in app
    raw_response = await run_endpoint_function(
                         └ <function run_endpoint_function at 0x7e1916ff8680>
  File "/home/liujx/miniconda3/envs/py311/lib/python3.11/site-packages/fastapi/routing.py", line 213, in run_endpoint_function
    return await dependant.call(**values)
                 │         │      └ {'data': LoginModel(mobile='13870429866', code='9283')}
                 │         └ <function login at 0x7e1912376160>
                 └ Dependant(path_params=[], query_params=[], header_params=[], cookie_params=[], body_params=[ModelField(field_info=Body(Pydant...

  File "/home/liujx/PROJ/taolele/user_api/routers/user.py", line 49, in login
    user = await user_service_client.get_or_create_userby_mobile(mobile)
                 │                   │                           └ '13870429866'
                 │                   └ <function UserServiceClient.get_or_create_userby_mobile at 0x7e1912d00400>
                 └ <services.user.UserServiceClient object at 0x7e191218a590>

  File "/home/liujx/PROJ/taolele/user_api/services/decroators.py", line 11, in wrapper
    result = await func(*args, **kwargs)
                   │     │       └ {}
                   │     └ (<services.user.UserServiceClient object at 0x7e191218a590>, '13870429866')
                   └ <function UserServiceClient.get_or_create_userby_mobile at 0x7e1912d00360>

  File "/home/liujx/PROJ/taolele/user_api/services/user.py", line 32, in get_or_create_userby_mobile
    async with UserStub() as stub:
               └ <class 'services.user.UserStub'>

  File "/home/liujx/PROJ/taolele/user_api/services/user.py", line 21, in __aenter__
    self.channel = grpc.aio.insecure_channel(self.user_service_addr)
    │              │    │   │                │    └ <property object at 0x7e1913c2e110>
    │              │    │   │                └ <services.user.UserStub object at 0x7e19121be8d0>
    │              │    │   └ <function insecure_channel at 0x7e1913c29300>
    │              │    └ <module 'grpc.aio' from '/home/liujx/miniconda3/envs/py311/lib/python3.11/site-packages/grpc/aio/__init__.py'>
    │              └ <module 'grpc' from '/home/liujx/miniconda3/envs/py311/lib/python3.11/site-packages/grpc/__init__.py'>
    └ <services.user.UserStub object at 0x7e19121be8d0>

  File "/home/liujx/PROJ/taolele/user_api/services/user.py", line 16, in user_service_addr
    host, port = tll_consul.get_one_user_service_address()
                 │          └ <function TLLConsul.get_one_user_service_address at 0x7e1914b840e0>
                 └ <utils.tll_consul.TLLConsul object at 0x7e1914b77710>

  File "/home/liujx/PROJ/taolele/user_api/utils/tll_consul.py", line 145, in get_one_user_service_address
    return self.user_service_lb.get_least_used()
           │    │               └ <function LoadBalancer.get_least_used at 0x7e1914b7fd80>
           │    └ <utils.tll_consul.LoadBalancer object at 0x7e1914b8c8d0>
           └ <utils.tll_consul.TLLConsul object at 0x7e1914b77710>

  File "/home/liujx/PROJ/taolele/user_api/utils/tll_consul.py", line 83, in get_least_used
    raise Exception("No service addresses available")

Exception: No service addresses available
2025-08-10 16:32:25.771 | INFO     | utils.tll_consul:unregister_service:118 - 服务注销成功
2025-08-10 16:32:26.619 | INFO     | utils.tll_consul:register_service:100 - 注册服务，IP: 11.11.11.45, Port: 8000
2025-08-10 16:32:26.745 | INFO     | utils.tll_consul:register_service:112 - 服务注册到Consul成功
2025-08-10 16:32:51.371 | INFO     | utils.tll_consul:register_service:100 - 注册服务，IP: 11.11.11.45, Port: 8000
2025-08-10 16:32:51.481 | INFO     | utils.tll_consul:register_service:112 - 服务注册到Consul成功
2025-08-10 16:32:51.481 | INFO     | hooks.lifespan:lifespan:26 - 正在获取用户服务地址...
2025-08-10 16:32:51.559 | ERROR    | utils.tll_consul:fetch_service_addresses:145 - 获取服务地址失败: The DNS query name does not exist: user_service.service.consul.
2025-08-10 16:33:04.969 | INFO     | utils.tll_consul:unregister_service:118 - 服务注销成功
2025-08-10 16:33:05.484 | INFO     | utils.tll_consul:register_service:100 - 注册服务，IP: 11.11.11.45, Port: 8000
2025-08-10 16:33:05.601 | INFO     | utils.tll_consul:register_service:112 - 服务注册到Consul成功
2025-08-10 16:33:05.602 | INFO     | hooks.lifespan:lifespan:26 - 正在获取用户服务地址...
2025-08-10 16:33:05.653 | ERROR    | utils.tll_consul:fetch_service_addresses:145 - 获取服务地址失败: The DNS query name does not exist: user_service.service.consul.
2025-08-10 16:34:25.667 | INFO     | utils.tll_consul:register_service:100 - 注册服务，IP: 11.11.11.45, Port: 8000
2025-08-10 16:34:25.837 | INFO     | utils.tll_consul:register_service:112 - 服务注册到Consul成功
2025-08-10 16:34:25.837 | INFO     | hooks.lifespan:lifespan:26 - 正在获取用户服务地址...
2025-08-10 16:34:25.895 | ERROR    | utils.tll_consul:fetch_service_addresses:145 - 获取服务地址失败: The DNS query name does not exist: user_service.service.consul.
2025-08-10 16:37:56.688 | WARNING  | utils.tll_consul:get_one_user_service_address:152 - 无法从负载均衡器获取服务地址: No service addresses available
2025-08-10 16:37:56.688 | INFO     | utils.tll_consul:get_one_user_service_address:156 - 使用默认用户服务地址: 11.11.11.45:5001
2025-08-10 16:37:56.688 | INFO     | services.user:user_service_addr:17 - 获取用户服务地址: 11.11.11.45:5001
2025-08-10 16:37:56.697 | ERROR    | hooks.middlewares:log_middleware:11 - 发送异常了：
Traceback (most recent call last):

  File "/home/liujx/miniconda3/envs/py311/lib/python3.11/site-packages/anyio/streams/memory.py", line 111, in receive
    return self.receive_nowait()
           │    └ <function MemoryObjectReceiveStream.receive_nowait at 0x7611f7411b20>
           └ MemoryObjectReceiveStream(_state=MemoryObjectStreamState(max_buffer_size=0, buffer=deque([]), open_send_channels=0, open_rece...
  File "/home/liujx/miniconda3/envs/py311/lib/python3.11/site-packages/anyio/streams/memory.py", line 106, in receive_nowait
    raise WouldBlock
          └ <class 'anyio.WouldBlock'>

anyio.WouldBlock


During handling of the above exception, another exception occurred:


Traceback (most recent call last):

  File "/home/liujx/miniconda3/envs/py311/lib/python3.11/site-packages/anyio/streams/memory.py", line 124, in receive
    return receiver.item
           └ MemoryObjectItemReceiver(task_info=AsyncIOTaskInfo(id=129819478601024, name='Task-130'), item=None)

AttributeError: 'MemoryObjectItemReceiver' object has no attribute 'item'


During handling of the above exception, another exception occurred:


Traceback (most recent call last):

  File "/home/liujx/miniconda3/envs/py311/lib/python3.11/site-packages/starlette/middleware/base.py", line 151, in call_next
    message = await recv_stream.receive()
                    │           └ <function MemoryObjectReceiveStream.receive at 0x7611f7411bc0>
                    └ MemoryObjectReceiveStream(_state=MemoryObjectStreamState(max_buffer_size=0, buffer=deque([]), open_send_channels=0, open_rece...
  File "/home/liujx/miniconda3/envs/py311/lib/python3.11/site-packages/anyio/streams/memory.py", line 126, in receive
    raise EndOfStream
          └ <class 'anyio.EndOfStream'>

anyio.EndOfStream


During handling of the above exception, another exception occurred:


Traceback (most recent call last):

  File "<string>", line 1, in <module>
  File "/home/liujx/miniconda3/envs/py311/lib/python3.11/multiprocessing/spawn.py", line 120, in spawn_main
    exitcode = _main(fd, parent_sentinel)
               │     │   └ 4
               │     └ 7
               └ <function _main at 0x7611f8bea520>
  File "/home/liujx/miniconda3/envs/py311/lib/python3.11/multiprocessing/spawn.py", line 133, in _main
    return self._bootstrap(parent_sentinel)
           │    │          └ 4
           │    └ <function BaseProcess._bootstrap at 0x7611f8cfc860>
           └ <SpawnProcess name='SpawnProcess-11' parent=1972912 started>
  File "/home/liujx/miniconda3/envs/py311/lib/python3.11/multiprocessing/process.py", line 314, in _bootstrap
    self.run()
    │    └ <function BaseProcess.run at 0x7611f8cf3d80>
    └ <SpawnProcess name='SpawnProcess-11' parent=1972912 started>
  File "/home/liujx/miniconda3/envs/py311/lib/python3.11/multiprocessing/process.py", line 108, in run
    self._target(*self._args, **self._kwargs)
    │    │        │    │        │    └ {'config': <uvicorn.config.Config object at 0x7611f89d3710>, 'target': <bound method Server.run of <uvicorn.server.Server obj...
    │    │        │    │        └ <SpawnProcess name='SpawnProcess-11' parent=1972912 started>
    │    │        │    └ ()
    │    │        └ <SpawnProcess name='SpawnProcess-11' parent=1972912 started>
    │    └ <function subprocess_started at 0x7611f8013880>
    └ <SpawnProcess name='SpawnProcess-11' parent=1972912 started>
  File "/home/liujx/miniconda3/envs/py311/lib/python3.11/site-packages/uvicorn/_subprocess.py", line 80, in subprocess_started
    target(sockets=sockets)
    │              └ [<socket.socket fd=3, family=2, type=1, proto=0, laddr=('0.0.0.0', 8000)>]
    └ <bound method Server.run of <uvicorn.server.Server object at 0x7611f8092250>>
  File "/home/liujx/miniconda3/envs/py311/lib/python3.11/site-packages/uvicorn/server.py", line 67, in run
    return asyncio.run(self.serve(sockets=sockets))
           │       │   │    │             └ [<socket.socket fd=3, family=2, type=1, proto=0, laddr=('0.0.0.0', 8000)>]
           │       │   │    └ <function Server.serve at 0x7611f8012520>
           │       │   └ <uvicorn.server.Server object at 0x7611f8092250>
           │       └ <function run at 0x7611f8303ba0>
           └ <module 'asyncio' from '/home/liujx/miniconda3/envs/py311/lib/python3.11/asyncio/__init__.py'>
  File "/home/liujx/miniconda3/envs/py311/lib/python3.11/asyncio/runners.py", line 190, in run
    return runner.run(main)
           │      │   └ <coroutine object Server.serve at 0x7611f804e980>
           │      └ <function Runner.run at 0x7611f8377d80>
           └ <asyncio.runners.Runner object at 0x7611f8084290>
  File "/home/liujx/miniconda3/envs/py311/lib/python3.11/asyncio/runners.py", line 118, in run
    return self._loop.run_until_complete(task)
           │    │     │                  └ <Task pending name='Task-1' coro=<Server.serve() running at /home/liujx/miniconda3/envs/py311/lib/python3.11/site-packages/uv...
           │    │     └ <function BaseEventLoop.run_until_complete at 0x7611f8375940>
           │    └ <_UnixSelectorEventLoop running=True closed=False debug=False>
           └ <asyncio.runners.Runner object at 0x7611f8084290>
  File "/home/liujx/miniconda3/envs/py311/lib/python3.11/asyncio/base_events.py", line 637, in run_until_complete
    self.run_forever()
    │    └ <function BaseEventLoop.run_forever at 0x7611f83758a0>
    └ <_UnixSelectorEventLoop running=True closed=False debug=False>
  File "/home/liujx/miniconda3/envs/py311/lib/python3.11/asyncio/base_events.py", line 604, in run_forever
    self._run_once()
    │    └ <function BaseEventLoop._run_once at 0x7611f83776a0>
    └ <_UnixSelectorEventLoop running=True closed=False debug=False>
  File "/home/liujx/miniconda3/envs/py311/lib/python3.11/asyncio/base_events.py", line 1909, in _run_once
    handle._run()
    │      └ <function Handle._run at 0x7611f83205e0>
    └ <Handle Task.task_wakeup(<Future finished result=True>)>
  File "/home/liujx/miniconda3/envs/py311/lib/python3.11/asyncio/events.py", line 80, in _run
    self._context.run(self._callback, *self._args)
    │    │            │    │           │    └ <member '_args' of 'Handle' objects>
    │    │            │    │           └ <Handle Task.task_wakeup(<Future finished result=True>)>
    │    │            │    └ <member '_callback' of 'Handle' objects>
    │    │            └ <Handle Task.task_wakeup(<Future finished result=True>)>
    │    └ <member '_context' of 'Handle' objects>
    └ <Handle Task.task_wakeup(<Future finished result=True>)>
  File "/home/liujx/miniconda3/envs/py311/lib/python3.11/site-packages/uvicorn/protocols/http/h11_impl.py", line 403, in run_asgi
    result = await app(  # type: ignore[func-returns-value]
                   └ <uvicorn.middleware.proxy_headers.ProxyHeadersMiddleware object at 0x7611f80936d0>
  File "/home/liujx/miniconda3/envs/py311/lib/python3.11/site-packages/uvicorn/middleware/proxy_headers.py", line 60, in __call__
    return await self.app(scope, receive, send)
                 │    │   │      │        └ <bound method RequestResponseCycle.send of <uvicorn.protocols.http.h11_impl.RequestResponseCycle object at 0x7611f3518f90>>
                 │    │   │      └ <bound method RequestResponseCycle.receive of <uvicorn.protocols.http.h11_impl.RequestResponseCycle object at 0x7611f3518f90>>
                 │    │   └ {'type': 'http', 'asgi': {'version': '3.0', 'spec_version': '2.3'}, 'http_version': '1.1', 'server': ('11.11.11.45', 8000), '...
                 │    └ <fastapi.applications.FastAPI object at 0x7611f7ded090>
                 └ <uvicorn.middleware.proxy_headers.ProxyHeadersMiddleware object at 0x7611f80936d0>
  File "/home/liujx/miniconda3/envs/py311/lib/python3.11/site-packages/fastapi/applications.py", line 1054, in __call__
    await super().__call__(scope, receive, send)
                           │      │        └ <bound method RequestResponseCycle.send of <uvicorn.protocols.http.h11_impl.RequestResponseCycle object at 0x7611f3518f90>>
                           │      └ <bound method RequestResponseCycle.receive of <uvicorn.protocols.http.h11_impl.RequestResponseCycle object at 0x7611f3518f90>>
                           └ {'type': 'http', 'asgi': {'version': '3.0', 'spec_version': '2.3'}, 'http_version': '1.1', 'server': ('11.11.11.45', 8000), '...
  File "/home/liujx/miniconda3/envs/py311/lib/python3.11/site-packages/starlette/applications.py", line 113, in __call__
    await self.middleware_stack(scope, receive, send)
          │    │                │      │        └ <bound method RequestResponseCycle.send of <uvicorn.protocols.http.h11_impl.RequestResponseCycle object at 0x7611f3518f90>>
          │    │                │      └ <bound method RequestResponseCycle.receive of <uvicorn.protocols.http.h11_impl.RequestResponseCycle object at 0x7611f3518f90>>
          │    │                └ {'type': 'http', 'asgi': {'version': '3.0', 'spec_version': '2.3'}, 'http_version': '1.1', 'server': ('11.11.11.45', 8000), '...
          │    └ <starlette.middleware.errors.ServerErrorMiddleware object at 0x7611f658e590>
          └ <fastapi.applications.FastAPI object at 0x7611f7ded090>
  File "/home/liujx/miniconda3/envs/py311/lib/python3.11/site-packages/starlette/middleware/errors.py", line 164, in __call__
    await self.app(scope, receive, _send)
          │    │   │      │        └ <function ServerErrorMiddleware.__call__.<locals>._send at 0x7611f3517e20>
          │    │   │      └ <bound method RequestResponseCycle.receive of <uvicorn.protocols.http.h11_impl.RequestResponseCycle object at 0x7611f3518f90>>
          │    │   └ {'type': 'http', 'asgi': {'version': '3.0', 'spec_version': '2.3'}, 'http_version': '1.1', 'server': ('11.11.11.45', 8000), '...
          │    └ <starlette.middleware.base.BaseHTTPMiddleware object at 0x7611f658e410>
          └ <starlette.middleware.errors.ServerErrorMiddleware object at 0x7611f658e590>
  File "/home/liujx/miniconda3/envs/py311/lib/python3.11/site-packages/starlette/middleware/base.py", line 184, in __call__
    response = await self.dispatch_func(request, call_next)
                     │    │             │        └ <function BaseHTTPMiddleware.__call__.<locals>.call_next at 0x7611f3517f60>
                     │    │             └ <starlette.middleware.base._CachedRequest object at 0x7611f351a950>
                     │    └ <function log_middleware at 0x7611f67f79c0>
                     └ <starlette.middleware.base.BaseHTTPMiddleware object at 0x7611f658e410>

> File "/home/liujx/PROJ/taolele/user_api/hooks/middlewares.py", line 7, in log_middleware
    response = await call_next(request)
                     │         └ <starlette.middleware.base._CachedRequest object at 0x7611f351a950>
                     └ <function BaseHTTPMiddleware.__call__.<locals>.call_next at 0x7611f3517f60>

  File "/home/liujx/miniconda3/envs/py311/lib/python3.11/site-packages/starlette/middleware/base.py", line 159, in call_next
    raise app_exc
          └ TypeError("HTTPException.__init__() got an unexpected keyword argument 'status'")
  File "/home/liujx/miniconda3/envs/py311/lib/python3.11/site-packages/starlette/middleware/base.py", line 144, in coro
    await self.app(scope, receive_or_disconnect, send_no_error)
          │    │   │      │                      └ <function BaseHTTPMiddleware.__call__.<locals>.call_next.<locals>.send_no_error at 0x7611f35176a0>
          │    │   │      └ <function BaseHTTPMiddleware.__call__.<locals>.call_next.<locals>.receive_or_disconnect at 0x7611f3516e80>
          │    │   └ {'type': 'http', 'asgi': {'version': '3.0', 'spec_version': '2.3'}, 'http_version': '1.1', 'server': ('11.11.11.45', 8000), '...
          │    └ <starlette.middleware.exceptions.ExceptionMiddleware object at 0x7611f3e2a550>
          └ <starlette.middleware.base.BaseHTTPMiddleware object at 0x7611f658e410>
  File "/home/liujx/miniconda3/envs/py311/lib/python3.11/site-packages/starlette/middleware/exceptions.py", line 63, in __call__
    await wrap_app_handling_exceptions(self.app, conn)(scope, receive, send)
          │                            │    │    │     │      │        └ <function BaseHTTPMiddleware.__call__.<locals>.call_next.<locals>.send_no_error at 0x7611f35176a0>
          │                            │    │    │     │      └ <function BaseHTTPMiddleware.__call__.<locals>.call_next.<locals>.receive_or_disconnect at 0x7611f3516e80>
          │                            │    │    │     └ {'type': 'http', 'asgi': {'version': '3.0', 'spec_version': '2.3'}, 'http_version': '1.1', 'server': ('11.11.11.45', 8000), '...
          │                            │    │    └ <starlette.requests.Request object at 0x7611f351bb90>
          │                            │    └ <fastapi.routing.APIRouter object at 0x7611f6804990>
          │                            └ <starlette.middleware.exceptions.ExceptionMiddleware object at 0x7611f3e2a550>
          └ <function wrap_app_handling_exceptions at 0x7611f720a660>
  File "/home/liujx/miniconda3/envs/py311/lib/python3.11/site-packages/starlette/_exception_handler.py", line 53, in wrapped_app
    raise exc
  File "/home/liujx/miniconda3/envs/py311/lib/python3.11/site-packages/starlette/_exception_handler.py", line 42, in wrapped_app
    await app(scope, receive, sender)
          │   │      │        └ <function wrap_app_handling_exceptions.<locals>.wrapped_app.<locals>.sender at 0x7611f3517ec0>
          │   │      └ <function BaseHTTPMiddleware.__call__.<locals>.call_next.<locals>.receive_or_disconnect at 0x7611f3516e80>
          │   └ {'type': 'http', 'asgi': {'version': '3.0', 'spec_version': '2.3'}, 'http_version': '1.1', 'server': ('11.11.11.45', 8000), '...
          └ <fastapi.routing.APIRouter object at 0x7611f6804990>
  File "/home/liujx/miniconda3/envs/py311/lib/python3.11/site-packages/starlette/routing.py", line 716, in __call__
    await self.middleware_stack(scope, receive, send)
          │    │                │      │        └ <function wrap_app_handling_exceptions.<locals>.wrapped_app.<locals>.sender at 0x7611f3517ec0>
          │    │                │      └ <function BaseHTTPMiddleware.__call__.<locals>.call_next.<locals>.receive_or_disconnect at 0x7611f3516e80>
          │    │                └ {'type': 'http', 'asgi': {'version': '3.0', 'spec_version': '2.3'}, 'http_version': '1.1', 'server': ('11.11.11.45', 8000), '...
          │    └ <bound method Router.app of <fastapi.routing.APIRouter object at 0x7611f6804990>>
          └ <fastapi.routing.APIRouter object at 0x7611f6804990>
  File "/home/liujx/miniconda3/envs/py311/lib/python3.11/site-packages/starlette/routing.py", line 736, in app
    await route.handle(scope, receive, send)
          │     │      │      │        └ <function wrap_app_handling_exceptions.<locals>.wrapped_app.<locals>.sender at 0x7611f3517ec0>
          │     │      │      └ <function BaseHTTPMiddleware.__call__.<locals>.call_next.<locals>.receive_or_disconnect at 0x7611f3516e80>
          │     │      └ {'type': 'http', 'asgi': {'version': '3.0', 'spec_version': '2.3'}, 'http_version': '1.1', 'server': ('11.11.11.45', 8000), '...
          │     └ <function Route.handle at 0x7611f720bc40>
          └ APIRoute(path='/user/login', name='login', methods=['POST'])
  File "/home/liujx/miniconda3/envs/py311/lib/python3.11/site-packages/starlette/routing.py", line 290, in handle
    await self.app(scope, receive, send)
          │    │   │      │        └ <function wrap_app_handling_exceptions.<locals>.wrapped_app.<locals>.sender at 0x7611f3517ec0>
          │    │   │      └ <function BaseHTTPMiddleware.__call__.<locals>.call_next.<locals>.receive_or_disconnect at 0x7611f3516e80>
          │    │   └ {'type': 'http', 'asgi': {'version': '3.0', 'spec_version': '2.3'}, 'http_version': '1.1', 'server': ('11.11.11.45', 8000), '...
          │    └ <function request_response.<locals>.app at 0x7611f3fef9c0>
          └ APIRoute(path='/user/login', name='login', methods=['POST'])
  File "/home/liujx/miniconda3/envs/py311/lib/python3.11/site-packages/starlette/routing.py", line 78, in app
    await wrap_app_handling_exceptions(app, request)(scope, receive, send)
          │                            │    │        │      │        └ <function wrap_app_handling_exceptions.<locals>.wrapped_app.<locals>.sender at 0x7611f3517ec0>
          │                            │    │        │      └ <function BaseHTTPMiddleware.__call__.<locals>.call_next.<locals>.receive_or_disconnect at 0x7611f3516e80>
          │                            │    │        └ {'type': 'http', 'asgi': {'version': '3.0', 'spec_version': '2.3'}, 'http_version': '1.1', 'server': ('11.11.11.45', 8000), '...
          │                            │    └ <starlette.requests.Request object at 0x7611f3519890>
          │                            └ <function request_response.<locals>.app.<locals>.app at 0x7611f3517600>
          └ <function wrap_app_handling_exceptions at 0x7611f720a660>
  File "/home/liujx/miniconda3/envs/py311/lib/python3.11/site-packages/starlette/_exception_handler.py", line 53, in wrapped_app
    raise exc
  File "/home/liujx/miniconda3/envs/py311/lib/python3.11/site-packages/starlette/_exception_handler.py", line 42, in wrapped_app
    await app(scope, receive, sender)
          │   │      │        └ <function wrap_app_handling_exceptions.<locals>.wrapped_app.<locals>.sender at 0x7611f3517420>
          │   │      └ <function BaseHTTPMiddleware.__call__.<locals>.call_next.<locals>.receive_or_disconnect at 0x7611f3516e80>
          │   └ {'type': 'http', 'asgi': {'version': '3.0', 'spec_version': '2.3'}, 'http_version': '1.1', 'server': ('11.11.11.45', 8000), '...
          └ <function request_response.<locals>.app.<locals>.app at 0x7611f3517600>
  File "/home/liujx/miniconda3/envs/py311/lib/python3.11/site-packages/starlette/routing.py", line 75, in app
    response = await f(request)
                     │ └ <starlette.requests.Request object at 0x7611f3519890>
                     └ <function get_request_handler.<locals>.app at 0x7611f3fef7e0>
  File "/home/liujx/miniconda3/envs/py311/lib/python3.11/site-packages/fastapi/routing.py", line 302, in app
    raw_response = await run_endpoint_function(
                         └ <function run_endpoint_function at 0x7611f8c38680>
  File "/home/liujx/miniconda3/envs/py311/lib/python3.11/site-packages/fastapi/routing.py", line 213, in run_endpoint_function
    return await dependant.call(**values)
                 │         │      └ {'data': LoginModel(mobile='13870429866', code='9283')}
                 │         └ <function login at 0x7611f3fee0c0>
                 └ Dependant(path_params=[], query_params=[], header_params=[], cookie_params=[], body_params=[ModelField(field_info=Body(Pydant...

  File "/home/liujx/PROJ/taolele/user_api/routers/user.py", line 49, in login
    user = await user_service_client.get_or_create_userby_mobile(mobile)
                 │                   │                           └ '13870429866'
                 │                   └ <function UserServiceClient.get_or_create_userby_mobile at 0x7611f4950360>
                 └ <services.user.UserServiceClient object at 0x7611f3ffe650>

  File "/home/liujx/PROJ/taolele/user_api/services/decroators.py", line 14, in wrapper
    raise HTTPException(status=get_http_code(e.code()), detail=e.details())
          │                    └ <function get_http_code at 0x7611f49500e0>
          └ <class 'fastapi.exceptions.HTTPException'>

TypeError: HTTPException.__init__() got an unexpected keyword argument 'status'
2025-08-10 16:38:47.440 | INFO     | utils.tll_consul:unregister_service:118 - 服务注销成功
2025-08-10 16:38:47.962 | INFO     | utils.tll_consul:register_service:100 - 注册服务，IP: 11.11.11.45, Port: 8000
2025-08-10 16:38:48.095 | INFO     | utils.tll_consul:register_service:112 - 服务注册到Consul成功
2025-08-10 16:38:48.096 | INFO     | hooks.lifespan:lifespan:26 - 正在获取用户服务地址...
2025-08-10 16:38:48.166 | ERROR    | utils.tll_consul:fetch_service_addresses:145 - 获取服务地址失败: The DNS query name does not exist: user_service.service.consul.
2025-08-10 16:39:06.332 | INFO     | utils.tll_consul:unregister_service:118 - 服务注销成功
2025-08-10 16:39:06.828 | INFO     | utils.tll_consul:register_service:100 - 注册服务，IP: 11.11.11.45, Port: 8000
2025-08-10 16:39:06.982 | INFO     | utils.tll_consul:register_service:112 - 服务注册到Consul成功
2025-08-10 16:39:06.982 | INFO     | hooks.lifespan:lifespan:26 - 正在获取用户服务地址...
2025-08-10 16:39:07.047 | ERROR    | utils.tll_consul:fetch_service_addresses:145 - 获取服务地址失败: The DNS query name does not exist: user_service.service.consul.
2025-08-10 16:39:22.280 | WARNING  | utils.tll_consul:get_one_user_service_address:152 - 无法从负载均衡器获取服务地址: No service addresses available
2025-08-10 16:39:22.280 | INFO     | utils.tll_consul:get_one_user_service_address:156 - 使用默认用户服务地址: 11.11.11.45:5001
2025-08-10 16:39:22.280 | INFO     | services.user:user_service_addr:17 - 获取用户服务地址: 11.11.11.45:5001
2025-08-10 16:40:13.296 | INFO     | utils.tll_consul:unregister_service:118 - 服务注销成功
2025-08-10 16:40:13.772 | INFO     | utils.tll_consul:register_service:100 - 注册服务，IP: 11.11.11.45, Port: 8000
2025-08-10 16:40:13.876 | INFO     | utils.tll_consul:register_service:112 - 服务注册到Consul成功
2025-08-10 16:40:13.876 | INFO     | hooks.lifespan:lifespan:26 - 正在获取用户服务地址...
2025-08-10 16:40:13.924 | ERROR    | utils.tll_consul:fetch_service_addresses:146 - 获取服务地址失败: The DNS query name does not exist: user_service.service.consul.
2025-08-10 16:40:19.869 | WARNING  | utils.tll_consul:get_one_user_service_address:153 - 无法从负载均衡器获取服务地址: No service addresses available
2025-08-10 16:40:19.869 | INFO     | utils.tll_consul:get_one_user_service_address:157 - 使用默认用户服务地址: 11.11.11.45:5001
2025-08-10 16:40:19.870 | INFO     | services.user:user_service_addr:17 - 获取用户服务地址: 11.11.11.45:5001
2025-08-10 16:41:02.408 | INFO     | utils.tll_consul:register_service:100 - 注册服务，IP: 11.11.11.45, Port: 8000
2025-08-10 16:41:02.523 | INFO     | utils.tll_consul:register_service:112 - 服务注册到Consul成功
2025-08-10 16:41:02.524 | INFO     | hooks.lifespan:lifespan:26 - 正在获取用户服务地址...
2025-08-10 16:41:02.578 | ERROR    | utils.tll_consul:fetch_service_addresses:145 - 获取服务地址失败: The DNS query name does not exist: user_service.service.consul.
2025-08-10 16:41:04.152 | INFO     | utils.tll_consul:unregister_service:118 - 服务注销成功
2025-08-10 16:41:06.057 | INFO     | utils.tll_consul:register_service:100 - 注册服务，IP: 11.11.11.45, Port: 8000
2025-08-10 16:41:06.174 | INFO     | utils.tll_consul:register_service:112 - 服务注册到Consul成功
2025-08-10 16:41:06.174 | INFO     | hooks.lifespan:lifespan:26 - 正在获取用户服务地址...
2025-08-10 16:41:06.250 | ERROR    | utils.tll_consul:fetch_service_addresses:145 - 获取服务地址失败: The DNS query name does not exist: user_service.service.consul.
2025-08-10 16:44:55.802 | INFO     | utils.tll_consul:register_service:100 - 注册服务，IP: 11.11.11.45, Port: 8000
2025-08-10 16:44:55.915 | INFO     | utils.tll_consul:register_service:112 - 服务注册到Consul成功
2025-08-10 16:44:55.915 | INFO     | hooks.lifespan:lifespan:26 - 正在获取用户服务地址...
2025-08-10 16:44:56.021 | INFO     | utils.tll_consul:fetch_service_addresses:142 - 从Consul获取到用户服务地址: [{'host': '11.11.11.45', 'port': 44697}]
2025-08-10 16:45:12.614 | INFO     | services.user:user_service_addr:17 - 获取用户服务地址: 11.11.11.45:44697
2025-08-10 16:45:31.319 | INFO     | utils.tll_consul:unregister_service:118 - 服务注销成功
2025-08-10 16:58:04.667 | INFO     | utils.tll_consul:register_service:100 - 注册服务，IP: 11.11.11.45, Port: 8000
2025-08-10 16:58:04.799 | INFO     | utils.tll_consul:register_service:112 - 服务注册到Consul成功
2025-08-10 16:58:04.799 | INFO     | hooks.lifespan:lifespan:26 - 正在获取用户服务地址...
2025-08-10 16:58:04.914 | INFO     | utils.tll_consul:fetch_service_addresses:142 - 从Consul获取到用户服务地址: [{'host': '11.11.11.45', 'port': 46863}]
2025-08-10 16:58:56.352 | INFO     | utils.tll_consul:unregister_service:118 - 服务注销成功
2025-08-10 16:59:09.526 | INFO     | utils.tll_consul:register_service:100 - 注册服务，IP: 11.11.11.45, Port: 8000
2025-08-10 16:59:09.633 | INFO     | utils.tll_consul:register_service:112 - 服务注册到Consul成功
2025-08-10 16:59:09.633 | INFO     | hooks.lifespan:lifespan:26 - 正在获取用户服务地址...
2025-08-10 16:59:09.765 | INFO     | utils.tll_consul:fetch_service_addresses:142 - 从Consul获取到用户服务地址: [{'host': '11.11.11.45', 'port': 46863}]
2025-08-10 17:01:08.917 | INFO     | utils.tll_consul:unregister_service:118 - 服务注销成功
2025-08-10 17:01:09.422 | INFO     | utils.tll_consul:register_service:100 - 注册服务，IP: 11.11.11.45, Port: 8000
2025-08-10 17:01:09.548 | INFO     | utils.tll_consul:register_service:112 - 服务注册到Consul成功
2025-08-10 17:01:09.548 | INFO     | hooks.lifespan:lifespan:26 - 正在获取用户服务地址...
2025-08-10 17:01:09.603 | INFO     | utils.tll_consul:fetch_service_addresses:137 - 从Consul获取到用户服务地址: [{'host': '11.11.11.45', 'port': 46863}, {'host': '11.11.11.45', 'port': 57407}]
2025-08-10 17:01:09.603 | INFO     | utils.tll_consul:fetch_service_addresses:142 -   服务 1: 11.11.11.45:46863
2025-08-10 17:01:09.603 | INFO     | utils.tll_consul:fetch_service_addresses:142 -   服务 2: 11.11.11.45:57407
2025-08-10 17:03:32.932 | INFO     | utils.tll_consul:unregister_service:118 - 服务注销成功
2025-08-10 17:03:35.762 | INFO     | utils.tll_consul:register_service:100 - 注册服务，IP: 11.11.11.45, Port: 8000
2025-08-10 17:03:35.877 | INFO     | utils.tll_consul:register_service:112 - 服务注册到Consul成功
2025-08-10 17:03:35.877 | INFO     | hooks.lifespan:lifespan:26 - 正在获取用户服务地址...
2025-08-10 17:03:35.932 | INFO     | utils.tll_consul:fetch_service_addresses:137 - 从Consul获取到用户服务地址: [{'host': '11.11.11.45', 'port': 46863}, {'host': '11.11.11.45', 'port': 57407}]
2025-08-10 17:03:35.932 | INFO     | utils.tll_consul:fetch_service_addresses:142 -   服务 1: 11.11.11.45:46863
2025-08-10 17:03:35.932 | INFO     | utils.tll_consul:fetch_service_addresses:142 -   服务 2: 11.11.11.45:57407
2025-08-10 17:03:43.257 | INFO     | services.user:user_service_addr:17 - 获取用户服务地址: 11.11.11.45:46863
2025-08-10 17:04:12.386 | INFO     | services.user:user_service_addr:17 - 获取用户服务地址: 11.11.11.45:57407
2025-08-10 17:04:24.558 | INFO     | services.user:user_service_addr:17 - 获取用户服务地址: 11.11.11.45:46863
2025-08-10 17:05:23.025 | INFO     | utils.tll_consul:unregister_service:118 - 服务注销成功
2025-08-10 17:05:23.566 | INFO     | utils.tll_consul:register_service:100 - 注册服务，IP: 11.11.11.45, Port: 8000
2025-08-10 17:05:23.689 | INFO     | utils.tll_consul:register_service:112 - 服务注册到Consul成功
2025-08-10 17:05:23.690 | INFO     | hooks.lifespan:lifespan:26 - 正在获取用户服务地址...
2025-08-10 17:05:23.832 | INFO     | utils.tll_consul:fetch_service_addresses:142 - 从Consul获取到用户服务地址: [{'host': '11.11.11.45', 'port': 57407}]
2025-08-10 17:05:33.258 | INFO     | services.user:user_service_addr:17 - 获取用户服务地址: 11.11.11.45:57407
